address,balance,pct_of_supply,bought_azia,usdc_paid,avg_entry_usd,sold_azia,usdc_received,avg_exit_usd,n_buys,n_sells,has_sold,fully_exited,net_usdc,first_trade,last_trade
0x8f5f726e22d6aac6e04eebd35121fa49b4116067,6406771.537083391499956647,0.6406771537,6406771.537083,1600.000000,0.000249735766,0.000000,0.000000,,7,0,no,no,-1600.000000,2026-09-16T19:37:47.000Z,2026-09-16T21:38:56.000Z
0xcbdd38195130eea6b04af3a5cca56670a7c4c92a,4251745.046187043700997823,0.4251745046,0.000000,0.000000,,0.000000,0.000000,,0,0,no,no,0.000000,,
0x4e7cf768286a9c36f15ddd04dd018ad61087a423,872576.563444553334876995,0.0872576563,0.000000,0.000000,,0.000000,0.000000,,0,0,no,no,0.000000,,
0xd26f334cc8da817c983d6c1c3e806f3f251763f8,147770.786098361546901975,0.0147770786,0.000000,0.000000,,0.000000,0.000000,,0,0,no,no,0.000000,,
0xe3d97b3b59d4f4a5bcb8989945d8ff68a02002d5,144782.982272023522536077,0.0144782982,160468.012980,50.000000,0.000311588578,0.000000,0.000000,,5,0,no,no,-50.000000,2026-09-16T19:30:26.000Z,2026-09-17T10:36:18.000Z
0x9b5ed8ffb5a719c8c3820655541e1932bcb2a7bf,95920.488767686753612211,0.0095920489,117308.633823,57.000000,0.000485897740,21388.145055,0.000000,0.000000000000,6,1,yes,no,-57.000000,2026-09-16T19:30:22.000Z,2026-09-16T21:27:19.000Z
0x0f46a43d0e81fc6599ee36fbadcac1e50bb4fce2,72686.108803440966860206,0.0072686109,0.000000,0.000000,,0.000000,0.000000,,0,0,no,no,0.000000,,
0xb2947280a136bd48a197758d8cd6de54972c7eb6,71979.067240267550372991,0.0071979067,0.000000,0.000000,,0.000000,0.000000,,0,0,no,no,0.000000,,
0x3930cb3e203ba96032738e86885cc48eacf71bf6,65122.078075372612897256,0.0065122078,0.000000,0.000000,,0.000000,0.000000,,0,0,no,no,0.000000,,
0x07f0007c363c41b1860353feb3a4338681213088,51006.582326633858097853,0.0051006582,63773.317483,17.000000,0.000266569165,0.000000,0.000000,,3,0,no,no,-17.000000,2026-09-16T19:37:34.000Z,2026-09-17T12:26:26.000Z
0x4e96698947f720cb6a38bd79639ae1a1aeaabacf,37648.282902964621701165,0.0037648283,0.000000,0.000000,,0.000000,0.000000,,0,0,no,no,0.000000,,
0x8e3094af331673f4f7e9cb74b539ad07f862ef4c,35131.823859037480163857,0.0035131824,35131.823859,40.000000,0.001138568842,0.000000,0.000000,,1,0,no,no,-40.000000,2026-09-16T19:31:22.000Z,2026-09-16T19:31:22.000Z
0x57d55d2eb429c1f1ff616434129d80b034a43b20,26498.478457812593591270,0.0026498478,26498.478458,21.000000,0.000792498333,0.000000,0.000000,,1,0,no,no,-21.000000,2026-09-16T19:35:14.000Z,2026-09-16T19:35:14.000Z
0x4be54c2d4b41f5f65b8202bb69d4bfd413f9945e,20909.222842376382817879,0.0020909223,20909.222842,10.000000,0.000478257852,0.000000,0.000000,,1,0,no,no,-10.000000,2026-09-16T19:38:24.000Z,2026-09-16T19:38:24.000Z
0x08fa9aca2f14a0587dabb88703b7ff03a236ace3,16525.158111078871954305,0.0016525158,0.000000,0.000000,,0.000000,0.000000,,0,0,no,no,0.000000,,
0xd4f836da6f7506b2944a9656f06e3c82f8b4c6aa,14324.865748177255681396,0.0014324866,0.000000,0.000000,,0.000000,0.000000,,0,0,no,no,0.000000,,
0x0efbbaef67a27ad41b36ef2fda6de16c7f3ee203,12070.042495552348489613,0.0012070042,0.000000,0.000000,,0.000000,0.000000,,0,0,no,no,0.000000,,
0x8d7bfb930c952b9cca4991651b35ad104e25e10c,11682.016311285013412616,0.0011682016,11682.016311,5.000000,0.000428008305,0.000000,0.000000,,1,0,no,no,-5.000000,2026-09-16T19:41:02.000Z,2026-09-16T19:41:02.000Z
0x7d3258626a374e9e7d3a460f650b1c2233cf5fba,11469.195297142508450011,0.0011469195,11469.195297,5.000000,0.000435950376,0.000000,0.000000,,1,0,no,no,-5.000000,2026-09-16T19:29:33.000Z,2026-09-16T19:29:33.000Z
0x4d34ed41d87b1c730967f95ed6ee2b404fbca956,11231.157678804967632395,0.0011231158,0.000000,0.000000,,0.000000,0.000000,,0,0,no,no,0.000000,,
0x9f793baaa60bb4cc66cbf560e12a16e4adff009a,10980.704926344212774937,0.0010980705,21961.408792,10.000000,0.000455344195,10980.703866,0.000000,0.000000000000,1,1,yes,no,-10.000000,2026-09-16T19:28:47.000Z,2026-09-16T19:32:22.000Z
0x0f0272037b910d3d8b80ffedb3257403eb224809,10815.882449372471220978,0.0010815882,0.000000,0.000000,,0.000000,0.000000,,0,0,no,no,0.000000,,
0x4ff80b680da351d76c0f7f029592cf76b6bc9cc4,7953.095681081848912811,0.0007953096,0.000000,0.000000,,0.000000,0.000000,,0,0,no,no,0.000000,,
0xa8955b61a36d6c7747e78bf9dd0217ab9916199a,7259.327465667571319077,0.0007259327,0.000000,0.000000,,0.000000,0.000000,,0,0,no,no,0.000000,,
0x5ba196404346855f0e6138f3bfbd3c4919d8f416,5651.126469042917797682,0.0005651126,0.000000,0.000000,,0.000000,0.000000,,0,0,no,no,0.000000,,
0xd48c9317f0371a76b9077f60dc216a606855d3b7,5196.093674368836727863,0.0005196094,5196.093674,2.000000,0.000384904531,0.000000,0.000000,,1,0,no,no,-2.000000,2026-09-16T19:57:16.000Z,2026-09-16T19:57:16.000Z
0xa09c86f136f48b18b0a6964d3fcfff9edf2ee75e,4000.368631830901897142,0.0004000369,67053.408758,15.000000,0.000223702274,63053.040126,0.000000,0.000000000000,4,2,yes,no,-15.000000,2026-09-16T19:29:40.000Z,2026-09-16T22:40:46.000Z
0xac0d079c0c31258e194427c646eabdf69fa44476,2930.612221346150558763,0.0002930612,0.000000,0.000000,,0.000000,0.000000,,0,0,no,no,0.000000,,
0x348b01b3d8da80596618393a9a9a5c0f54d9701e,2692.646207262373367814,0.0002692646,10770.577621,2.000000,0.000185691062,8077.931413,0.000000,0.000000000000,2,2,yes,no,-2.000000,2026-09-16T19:46:38.000Z,2026-09-16T19:54:37.000Z
0x011954b1b994a198cc902bf6cf6eba2df41275c7,1429.621242509076358256,0.0001429621,124189.212152,50.000000,0.000402611460,122759.590909,0.000000,0.000000000000,4,4,yes,no,-50.000000,2026-09-16T19:28:52.000Z,2026-09-17T02:26:11.000Z
0x79189b44fc220c5d95f9ce02d8bf48d281dbdae0,1305.930677498131219762,0.0001305931,0.000000,0.000000,,0.000000,0.000000,,0,0,no,no,0.000000,,
0x6a0df5b0e43045fa349f6e7bdffb3f4b5bf64b78,1144.888474323812821300,0.0001144888,1144.888474,0.500000,0.000436723761,0.000000,0.000000,,1,0,no,no,-0.500000,2026-09-16T19:40:55.000Z,2026-09-16T19:40:55.000Z
0x40ca3d5a190b59b276991bd0741ef033f414d9af,1052.191622784362018684,0.0001052192,0.000000,0.000000,,0.000000,0.000000,,0,0,no,no,0.000000,,
0x3a18412c7fbc73c86e871c4184c503f1e3bb54a9,1012.052943238962456971,0.0001012053,0.000000,0.000000,,0.000000,0.000000,,0,0,no,no,0.000000,,
0x96df0ff1fb062c79d272e1b05e458e6ad89d39ea,730.857910103588829866,0.0000730858,0.000000,0.000000,,0.000000,0.000000,,0,0,no,no,0.000000,,
0xdb3162d6ff9fdbc67a0450fcf426d4120a5fc322,669.245833253310122591,0.0000669246,3346.229163,1.000000,0.000298843848,2676.983330,1.119552,0.000418214035,1,1,yes,no,0.119552,2026-09-16T19:26:33.000Z,2026-09-16T19:29:39.000Z
0x4cac6dff421c272597eb8f0950edb7f16eb00e8f,668.818746853291678150,0.0000668819,1312.566571,0.500000,0.000380933060,643.747824,0.000000,0.000000000000,2,1,yes,no,-0.500000,2026-09-16T19:30:54.000Z,2026-09-16T23:05:31.000Z
0xcc01ef33f793ff0a8da26d19b2c4428f62753f85,450.927047643776645828,0.0000450927,0.000000,0.000000,,0.000000,0.000000,,0,0,no,no,0.000000,,
0x6b6f14c0a629c7b0a57af10fbcf73f7543a75ba9,337.674357657496030314,0.0000337674,1693.448065,0.300000,0.000177153351,1355.773707,0.000000,0.000000000000,1,1,yes,no,-0.300000,2026-09-16T19:28:07.000Z,2026-09-16T19:28:21.000Z
0xa016b98599e6312d6ad7b02626580ac9608dc58a,291.562717185109201685,0.0000291563,291.562717,0.244753,0.000839452322,0.000000,0.000000,,1,0,no,no,-0.244753,2026-09-16T19:35:32.000Z,2026-09-16T19:35:32.000Z
0xf38527c379ef7005f68a8571411a8e32bea13474,277.879548802001077210,0.0000277880,27787.954880,10.000000,0.000359868153,27510.075331,0.032418,0.000001178417,2,2,yes,no,-9.967582,2026-09-16T19:27:01.000Z,2026-09-16T19:38:50.000Z
0x066c70cd3b317fea27362fe2054761bb556b802c,238.081922610025650451,0.0000238082,238.081923,0.100000,0.000420023490,0.000000,0.000000,,1,0,no,no,-0.100000,2026-09-16T20:03:49.000Z,2026-09-16T20:03:49.000Z
0x1111110f0f73c0b2ef09ec012eae758b3e03a902,212.620396094441832715,0.0000212620,0.000000,0.000000,,0.000000,0.000000,,0,0,no,no,0.000000,,
0xad01c20d5886137e056775af56915de824c8fce5,2.536473541952286859,0.0000002536,0.000000,0.000000,,0.000000,0.000000,,0,0,no,no,0.000000,,
0xcd6b980029e6e6e0733ac8ec3e02be9410d09799,2.092061585523484371,0.0000002092,0.000000,0.000000,,0.000000,0.000000,,0,0,no,no,0.000000,,
0x2b4d1d613cbf0d071d3f2e7f190b85d32b96c319,0.085915616457342225,0.0000000086,7119.459251,2.000000,0.000280920212,7119.373335,0.000000,0.000000000000,1,1,yes,no,-2.000000,2026-09-16T19:26:22.000Z,2026-09-16T19:26:49.000Z
0xdba7a2a5ece071076829d85e417161d61617c356,0.061490767793112701,0.0000000061,2397.188126,1.000000,0.000417155412,2397.126635,0.000000,0.000000000000,1,1,yes,no,-1.000000,2026-09-16T19:29:45.000Z,2026-09-16T19:45:05.000Z
0x000000003f0da45c4419b7ed335bd04a29237187,0.008098699791556719,0.0000000008,21946.308099,2.985000,0.000136013765,21946.300000,2.925596,0.000133307027,2,2,yes,no,-0.059404,2026-09-17T09:40:34.000Z,2026-09-17T09:41:02.000Z
0xfcb754105723588befee0d46901446b0d6654847,0.001997632923114504,0.0000000002,2483.086885,0.500000,0.000201362265,2483.084888,0.000000,0.000000000000,2,2,yes,no,-0.500000,2026-09-16T19:45:37.000Z,2026-09-16T21:08:47.000Z
0x5c057e7b20bac2a3eb90fc86ab6867965be42c92,0.001426969297543484,0.0000000001,6149.719642,5.000000,0.000813045194,6149.718215,0.000000,0.000000000000,1,1,yes,no,-5.000000,2026-09-16T19:35:26.000Z,2026-09-16T19:36:52.000Z
0x32d2c12ceb929725bc585b7e3d689b71b48de8f8,0.001151881755917839,0.0000000001,3845.884927,2.000000,0.000520036360,3845.883775,0.000000,0.000000000000,1,1,yes,no,-2.000000,2026-09-16T19:30:07.000Z,2026-09-16T19:32:04.000Z
0xdde01aada2be3f3e29194c821c02a66acbeba9d3,0.000988997107884822,0.0000000001,184909.737914,105.000000,0.000567844621,184909.736925,0.000000,0.000000000000,3,3,yes,no,-105.000000,2026-09-16T19:28:05.000Z,2026-09-16T21:20:28.000Z
0x9ab3e796039e9243c1453458d946344ac0816178,0.000839745240170675,0.0000000001,250.284672,0.300000,0.001198635131,250.283832,0.000000,0.000000000000,1,1,yes,no,-0.300000,2026-09-16T19:33:44.000Z,2026-09-16T19:34:07.000Z
0x8b9ec19d5af9fd58019fe344ab7a106626706019,0.000589061886206970,0.0000000001,1269.593159,0.500000,0.000393826949,1269.592570,0.000000,0.000000000000,1,1,yes,no,-0.500000,2026-09-16T19:50:03.000Z,2026-09-16T19:52:54.000Z
0x138cb815005688964290de270ff1ad33ae3b1b44,0.000252260496420652,0.0000000000,75467.792319,54.000000,0.000715537030,75467.792067,14.532065,0.000192559833,2,1,yes,no,-39.467935,2026-09-16T19:33:51.000Z,2026-09-16T21:23:20.000Z
0x3efa6dcfa7f1ecefbe6ea44e405d07b52218544a,0.000000838176643622,0.0000000000,4908.006212,1.000000,0.000203748723,0.000000,0.000000,,1,0,no,no,-1.000000,2026-09-16T20:24:23.000Z,2026-09-16T20:24:23.000Z
0x561bf2dd56ece78b927d55996b04d90a927ca629,0.000000000001562127,0.0000000000,1739.443950,1.000000,0.000574896363,1739.443950,0.000000,0.000000000000,2,1,yes,no,-1.000000,2026-09-16T19:38:48.000Z,2026-09-16T19:39:16.000Z
0x8e0d82762091ce312d4ed6ee245a6ebc587ce1dc,0.000000000000528471,0.0000000000,1.470510,0.000200,0.000136007227,1.470510,0.000198,0.000134647155,2,2,yes,no,-0.000002,2026-09-17T08:26:27.000Z,2026-09-17T09:54:11.000Z
0x815ae3b247989b40f2855700905f272d884b8fd0,0.000000000000002675,0.0000000000,1449.278605,0.200000,0.000137999691,1449.278605,0.000085,0.000000058366,1,1,yes,no,-0.199915,2026-09-17T01:38:13.000Z,2026-09-17T01:40:16.000Z
0x3032f69d8460cd049b8197a33380dfaa8130792c,0.000000000000000001,0.0000000000,25929.259439,10.000000,0.000385664698,25929.259439,16.981629,0.000654921496,2,3,yes,no,6.981629,2026-09-16T19:28:24.000Z,2026-09-16T19:39:06.000Z
0x8f10b468b06c6fd214b65f87778827f7d113f996,0.000000000000000001,0.0000000000,5147154.498763,1085.354537,0.000210864962,3410566.659642,1260.676954,0.000369638562,15,10,yes,no,175.322417,2026-09-16T19:32:09.000Z,2026-09-17T08:24:40.000Z
0xdb62a38067287e4a15a599a6bfdac1652a1deafb,0.000000000000000001,0.0000000000,626327.203677,599.999994,0.000957965725,626327.203677,539.490494,0.000861355679,9,2,yes,no,-60.509500,2026-09-16T19:36:47.000Z,2026-09-16T19:37:29.000Z
0x0005ea38eb0a69d1253508ebdbdb9ea8cb26b5ef,0.000000000000000000,0.0000000000,55850.705865,49.661689,0.000889186416,0.000000,0.000000,,1,0,no,yes,-49.661689,2026-09-16T19:35:51.000Z,2026-09-16T19:35:51.000Z
0x009264805ddb5644969322022a4f6f70bff93f13,0.000000000000000000,0.0000000000,11026.754210,5.000000,0.000453442591,11026.754210,4.545999,0.000412269897,1,1,yes,yes,-0.454001,2026-09-16T19:39:19.000Z,2026-09-16T20:05:22.000Z
0x009a1c8cccdc089ed2f7b9ab5c7f9fb49e45213b,0.000000000000000000,0.0000000000,0.000000,0.000000,,0.000000,0.000000,,0,0,no,yes,0.000000,,
0x01fdb073935126388448e90405c40d550542488b,0.000000000000000000,0.0000000000,0.000000,0.000000,,852497.629898,371.978024,0.000436339071,0,3,yes,yes,371.978024,2026-09-16T19:26:23.000Z,2026-09-16T19:40:57.000Z
0x031a7fbf836086f4de52b8aec730f863dcc419e7,0.000000000000000000,0.0000000000,137628.954678,80.000000,0.000581273034,0.000000,0.000000,,1,0,no,yes,-80.000000,2026-09-16T20:00:08.000Z,2026-09-16T20:00:08.000Z
0x0404bca461b5b5fa06f2d9a6da1f049f0d966373,0.000000000000000000,0.0000000000,5813715.853192,1500.000000,0.000258010546,5813715.853192,2218.190339,0.000381544333,4,4,yes,yes,718.190339,2026-09-16T19:27:47.000Z,2026-09-16T21:09:07.000Z
0x04144d94651b660ce9e4ba934efac8ab7f852a55,0.000000000000000000,0.0000000000,3210598.022720,1066.666665,0.000332233016,3210598.022720,1667.765433,0.000519456320,6,3,yes,yes,601.098768,2026-09-16T19:26:58.000Z,2026-09-16T19:37:39.000Z
0x04851f3329f340c98f41a9b90ec747d28752cf16,0.000000000000000000,0.0000000000,215550.781383,100.050000,0.000464159765,215550.781383,88.659327,0.000411315267,1,1,yes,yes,-11.390673,2026-09-16T19:42:56.000Z,2026-09-16T20:05:34.000Z
0x0514d784e22408f83c59e9e9c884cd91460c1450,0.000000000000000000,0.0000000000,0.000000,0.000000,,2630.427314,2.511158,0.000954657818,0,1,yes,yes,2.511158,2026-09-16T19:31:05.000Z,2026-09-16T19:31:05.000Z
0x066afeed493cf8c28788cb4576eb704184dfc88c,0.000000000000000000,0.0000000000,12208.603548,10.000000,0.000819094498,12208.603548,9.910257,0.000811743731,1,1,yes,yes,-0.089743,2026-09-16T19:35:20.000Z,2026-09-16T19:35:44.000Z
0x0820f216331e70921f86677dc7267f112006cbce,0.000000000000000000,0.0000000000,486551.846398,500.000000,0.001027639713,486551.846398,230.360337,0.000473454861,2,1,yes,yes,-269.639663,2026-09-16T19:37:12.000Z,2026-09-16T19:38:22.000Z
0x08af8b7c52d23782ffdb16262ba7af2e47d2aa8b,0.000000000000000000,0.0000000000,3527449.753831,850.000000,0.000240967288,3527449.753831,1648.861846,0.000467437373,5,1,yes,yes,798.861846,2026-09-16T19:26:44.000Z,2026-09-16T19:38:22.000Z
0x09ad820aac5779683b481c4674208a4e1b024afa,0.000000000000000000,0.0000000000,0.000000,0.000000,,5002.790088,1.106615,0.000221199567,0,1,yes,yes,1.106615,2026-09-16T20:07:49.000Z,2026-09-16T20:07:49.000Z
0x0af7fbbe530bc0a908fe739bc89193e416b31c85,0.000000000000000000,0.0000000000,324273.176623,100.000000,0.000308381967,324273.176623,61.350155,0.000189192816,2,1,yes,yes,-38.649845,2026-09-16T19:26:38.000Z,2026-09-16T19:27:41.000Z
0x0c6bc77dcfb7df027d791052cd07a52a52cbcb84,0.000000000000000000,0.0000000000,652638.218061,300.000000,0.000459672743,652638.218061,266.626659,0.000408536693,1,1,yes,yes,-33.373341,2026-09-16T19:42:50.000Z,2026-09-16T19:43:35.000Z
0x0cc4fc748a0a7200d41783b2d88f788c2b94fd27,0.000000000000000000,0.0000000000,59373.897176,23.000000,0.000387375616,59373.897176,20.143333,0.000339262436,6,5,yes,yes,-2.856667,2026-09-16T19:38:04.000Z,2026-09-16T20:08:58.000Z
0x0cdfc04ad7b12d8a9170a7f34fa8c55289d1cb55,0.000000000000000000,0.0000000000,19164302.891959,8000.000000,0.000417442786,19164302.891959,3252.133750,0.000169697472,6,1,yes,yes,-4747.866250,2026-09-16T19:28:17.000Z,2026-09-16T21:23:20.000Z
0x0d0d9f95bdfa31432d00e7994b21fdc89d3af030,0.000000000000000000,0.0000000000,16145.288680,8.864840,0.000549066677,0.000000,0.000000,,2,0,no,yes,-8.864840,2026-09-16T19:38:29.000Z,2026-09-16T19:39:54.000Z
0x0d290063a4fc2ea5a79bcfd0b4aa26a3354ef547,0.000000000000000000,0.0000000000,574656.777343,360.000000,0.000626460897,0.000000,0.000000,,2,0,no,yes,-360.000000,2026-09-16T19:31:09.000Z,2026-09-16T19:40:36.000Z
0x0d970c9aeb75c14e0ec754b18d44b54041a3feff,0.000000000000000000,0.0000000000,16639.526637,5.000000,0.000300489317,16639.526637,17.367166,0.001043729572,1,2,yes,yes,12.367166,2026-09-16T19:26:42.000Z,2026-09-16T19:31:43.000Z
0x0f84d2da979180394fbf9c4499febd0f602a6767,0.000000000000000000,0.0000000000,438653.486546,333.000000,0.000759141350,438653.486546,326.001593,0.000743187055,1,1,yes,yes,-6.998407,2026-09-16T19:30:40.000Z,2026-09-16T19:30:46.000Z
0x0fbf59e107ffad9942657a81a7452f6b353c44b3,0.000000000000000000,0.0000000000,360890.695046,200.000000,0.000554184419,360890.695046,200.982794,0.000556907664,2,2,yes,yes,0.982794,2026-09-16T19:26:59.000Z,2026-09-16T19:35:33.000Z
0x107563afcd4839af79a64b873bb39cf630a29293,0.000000000000000000,0.0000000000,90325.824202,8.000000,0.000088568248,39322.391764,0.000000,0.000000000000,5,5,yes,yes,-8.000000,2026-09-16T20:20:37.000Z,2026-09-16T21:33:40.000Z
0x111116053f09d34a7eae8102887004445176ca11,0.000000000000000000,0.0000000000,0.000000,0.000000,,834.732573,0.111860,0.000134006991,0,1,yes,yes,0.111860,2026-09-17T07:55:53.000Z,2026-09-17T07:55:53.000Z
0x11b154cc2bd972651bde9bb18cd50f92ff8381ad,0.000000000000000000,0.0000000000,8213.042362,4.000000,0.000487030241,0.000000,0.000000,,2,0,no,yes,-4.000000,2026-09-16T19:39:54.000Z,2026-09-16T19:41:41.000Z
0x120d15b055edca161b6e7565314c621636ee437b,0.000000000000000000,0.0000000000,8400.064728,5.000000,0.000595233509,8400.064728,3.714668,0.000442218985,1,1,yes,yes,-1.285332,2026-09-16T19:38:29.000Z,2026-09-16T19:40:49.000Z
0x1252f32c1c7b9f6402b645d99a573bb6e437af46,0.000000000000000000,0.0000000000,391766.148087,400.000000,0.001021017262,391766.148087,268.838149,0.000686220978,2,7,yes,yes,-131.161851,2026-09-16T19:31:05.000Z,2026-09-16T19:38:32.000Z
0x129bf712e24a69cbb34ef8dfe372b54703cbe21a,0.000000000000000000,0.0000000000,196511.445591,160.000000,0.000814201939,196511.445591,152.486848,0.000775969295,2,1,yes,yes,-7.513152,2026-09-16T19:30:43.000Z,2026-09-16T19:31:48.000Z
0x12aa1386f8b5f2324ddc8bcdf55f2c0b977060d3,0.000000000000000000,0.0000000000,651129.256925,500.000000,0.000767896688,651129.256925,483.922820,0.000743205462,1,6,yes,yes,-16.077180,2026-09-16T19:30:35.000Z,2026-09-16T19:30:52.000Z
0x14222a7e082c7e676d2462a7b57076c4504a9d5b,0.000000000000000000,0.0000000000,0.000000,0.000000,,0.000000,0.000000,,0,0,no,yes,0.000000,,
0x157a97fbec15059bd695513a621439bbe07c7384,0.000000000000000000,0.0000000000,2252509.207041,633.333331,0.000281167921,2252509.207041,1717.231178,0.000762363666,5,6,yes,yes,1083.897847,2026-09-16T19:27:40.000Z,2026-09-16T19:34:26.000Z
0x167b9c76bf1504bdfee2f8de4f5c07fa4f0a2421,0.000000000000000000,0.0000000000,467433.004935,450.000000,0.000962704805,0.000000,0.000000,,3,0,no,yes,-450.000000,2026-09-16T19:31:10.000Z,2026-09-16T19:32:48.000Z
0x16eea8a5946367d303bb9e458e2f4601c879a081,0.000000000000000000,0.0000000000,30310.310218,20.000000,0.000659841482,0.000000,0.000000,,2,0,no,yes,-20.000000,2026-09-16T19:30:04.000Z,2026-09-16T19:34:35.000Z
0x18afabcdfad222dd4d1be5b55849a1e6b650f205,0.000000000000000000,0.0000000000,1329556.742893,550.000000,0.000413671701,0.000000,0.000000,,2,0,no,yes,-550.000000,2026-09-16T19:39:42.000Z,2026-09-16T19:47:35.000Z
0x1901ee2140494e1413d80cbf330d9717b61dbe8d,0.000000000000000000,0.0000000000,18517.708128,9.522500,0.000514237504,18517.708128,2.458188,0.000132747951,2,1,yes,yes,-7.064312,2026-09-16T19:33:40.000Z,2026-09-16T22:16:59.000Z
0x19396583a2c8e77f854846178bfd393da26d050c,0.000000000000000000,0.0000000000,159428.945365,140.987300,0.000884326868,159428.945365,147.325925,0.000924085178,2,2,yes,yes,6.338625,2026-09-16T19:32:33.000Z,2026-09-16T19:33:19.000Z
0x1ae2f9496fd74078ecdd876dd5cf32dc0d6ce248,0.000000000000000000,0.0000000000,19512.994035,5.000000,0.000256239508,19512.994035,1.156662,0.000059276477,2,2,yes,yes,-3.843338,2026-09-16T19:29:25.000Z,2026-09-17T08:40:24.000Z
0x1fcc20940d418e3d221ce84259229abc323b2e6a,0.000000000000000000,0.0000000000,1171461.999507,500.000000,0.000426817089,1171461.999507,590.643916,0.000504193833,1,1,yes,yes,90.643916,2026-09-16T19:39:07.000Z,2026-09-16T20:02:29.000Z
0x20b5d81ab672b49bf06ee0acdfe5978cb096c95d,0.000000000000000000,0.0000000000,881155.077034,800.000000,0.000907899212,881155.077034,669.300338,0.000759571561,2,1,yes,yes,-130.699662,2026-09-16T19:31:52.000Z,2026-09-16T19:34:13.000Z
0x21197a6e20fb44ff2026b5fcc7f608216d7d800a,0.000000000000000000,0.0000000000,248475.918822,233.333332,0.000939058131,248475.918822,240.813693,0.000969163107,2,5,yes,yes,7.480361,2026-09-16T19:31:00.000Z,2026-09-16T19:31:46.000Z
0x22a3e9e93ca8fb0d15c77bff4fce187be8c6e452,0.000000000000000000,0.0000000000,73322.630493,50.000000,0.000681917706,73322.630493,15.657210,0.000213538575,3,1,yes,yes,-34.342790,2026-09-16T19:32:36.000Z,2026-09-16T20:07:38.000Z
0x22bce3e7edf00c32c76b326222361bedd1c64d14,0.000000000000000000,0.0000000000,1065434.598567,300.000000,0.000281575237,1875077.058771,1242.902364,0.000662854019,3,4,yes,yes,942.902364,2026-09-16T19:28:20.000Z,2026-09-16T19:41:03.000Z
0x22fbfeb5790406c6bf740bbb246517eb37d33892,0.000000000000000000,0.0000000000,799055.251183,402.000000,0.000503094122,799055.251183,454.799747,0.000569171839,1,1,yes,yes,52.799747,2026-09-16T19:59:31.000Z,2026-09-16T19:59:42.000Z
0x233ca65e27bf8f71ab85c6b088c4c384cc4e2a18,0.000000000000000000,0.0000000000,6552.623963,4.000000,0.000610442477,0.000000,0.000000,,1,0,no,yes,-4.000000,2026-09-16T20:01:39.000Z,2026-09-16T20:01:39.000Z
0x24f5553e41b7a65644c977aa5d06df2028434e6d,0.000000000000000000,0.0000000000,443695.971650,400.000000,0.000901518214,443695.971650,514.856239,0.001160380693,1,1,yes,yes,114.856239,2026-09-16T19:30:59.000Z,2026-09-16T19:31:13.000Z
0x25a51558b54f0d315b0560d338803f2c1d92cca9,0.000000000000000000,0.0000000000,0.000000,0.000000,,0.000000,0.000000,,0,0,no,yes,0.000000,,
0x2609bac704d2ef5b259e519c0d6d920c64343f38,0.000000000000000000,0.0000000000,41457.910427,20.000000,0.000482416981,0.000000,0.000000,,1,0,no,yes,-20.000000,2026-09-16T19:39:50.000Z,2026-09-16T19:39:50.000Z
0x29427540095f17aa835dc113815f46918470fa9c,0.000000000000000000,0.0000000000,48404.603633,50.000000,0.001032959600,48404.603633,20.403999,0.000421530133,1,1,yes,yes,-29.596001,2026-09-16T19:31:41.000Z,2026-09-16T19:39:05.000Z
0x29c7dbf15e5d385f936076736a0005433efaabf6,0.000000000000000000,0.0000000000,0.000000,0.000000,,0.000000,0.000000,,0,0,no,yes,0.000000,,
0x2a55420f67848f3dac03ade511220e2a02909919,0.000000000000000000,0.0000000000,12289.007781,10.000000,0.000813735346,12289.007781,11.916831,0.000969714657,1,1,yes,yes,1.916831,2026-09-16T19:32:28.000Z,2026-09-16T19:33:05.000Z
0x2c46056bd5408cfdeb43afd571a8d7d471b5ff89,0.000000000000000000,0.0000000000,597982.011712,232.700000,0.000389142140,597982.011712,78.734931,0.000131667724,2,1,yes,yes,-153.965069,2026-09-16T19:43:56.000Z,2026-09-17T10:56:04.000Z
0x2c6a1af53b628efd12f2044785d8b7c755a69eb2,0.000000000000000000,0.0000000000,7146.520890,5.766600,0.000806910116,7146.520890,4.690993,0.000656402367,1,1,yes,yes,-1.075607,2026-09-16T19:36:42.000Z,2026-09-16T19:38:01.000Z
0x2c7b0dd643d92dbacc131de51c55cee9d3d6c1ca,0.000000000000000000,0.0000000000,12280.491927,10.000000,0.000814299627,12280.491927,11.913170,0.000970088985,1,1,yes,yes,1.913170,2026-09-16T19:32:28.000Z,2026-09-16T19:33:05.000Z
0x2d36de21ff55a4059569a3ba78b574abfd43171d,0.000000000000000000,0.0000000000,22522.348582,5.000000,0.000222001715,22522.348582,14.652457,0.000650574132,1,4,yes,yes,9.652457,2026-09-16T19:26:51.000Z,2026-09-16T19:32:17.000Z
0x30bb7f711c46d0dddf5f6257a5b17752ad0deeba,0.000000000000000000,0.0000000000,860168.957902,304.000000,0.000353418938,860168.957902,821.915305,0.000955527745,2,3,yes,yes,517.915305,2026-09-16T19:27:43.000Z,2026-09-16T19:33:35.000Z
0x31146bb3b2c8d5f872924c3b2168a26c2eaa32f9,0.000000000000000000,0.0000000000,224054.496603,200.000000,0.000892639974,224054.496603,232.142768,0.001036099570,1,1,yes,yes,32.142768,2026-09-16T19:30:59.000Z,2026-09-16T19:31:33.000Z
0x34f28a625911a44116666d8863b9065273b47a0e,0.000000000000000000,0.0000000000,925697.065921,450.000000,0.000486120154,0.000000,0.000000,,3,0,no,yes,-450.000000,2026-09-16T19:38:24.000Z,2026-09-16T19:39:09.000Z
0x36a58244532ad2099cec99cbf6dcf8a52f02a3cb,0.000000000000000000,0.0000000000,1185055.483641,420.000000,0.000354413786,1185055.483641,459.597662,0.000387827970,4,4,yes,yes,39.597662,2026-09-16T19:27:05.000Z,2026-09-16T20:08:22.000Z
0x37a2e292ddc8d5cc746ab6810dc9d27e15448264,0.000000000000000000,0.0000000000,4407547.459079,2633.333331,0.000597460006,4407547.459079,3425.208451,0.000777123442,9,6,yes,yes,791.875120,2026-09-16T19:27:40.000Z,2026-09-16T19:37:34.000Z
0x3831fe5ec6766b15667e4515e0b1f4070204f0bd,0.000000000000000000,0.0000000000,221818.959912,200.000000,0.000901636182,221818.959912,197.014933,0.000888178958,1,1,yes,yes,-2.985067,2026-09-16T19:35:53.000Z,2026-09-16T19:36:25.000Z
0x38505a3677d964370bd7400dd41895ba8ea30b8c,0.000000000000000000,0.0000000000,0.000000,0.000000,,0.000000,0.000000,,0,0,no,yes,0.000000,,
0x386776419ac068516423a1a55eac6352c7a27338,0.000000000000000000,0.0000000000,50742.588709,29.561625,0.000582580151,0.000000,0.000000,,1,0,no,yes,-29.561625,2026-09-16T20:00:32.000Z,2026-09-16T20:00:32.000Z
0x392257849e4ea9422eb3d63f2775a8eb6117105d,0.000000000000000000,0.0000000000,11393387.085590,5280.000000,0.000463426719,11393387.085590,3343.775813,0.000293483912,11,2,yes,yes,-1936.224187,2026-09-16T19:39:43.000Z,2026-09-16T20:06:21.000Z
0x3b52ab6c06137004713bf5b6d58eb37dc63f1a86,0.000000000000000000,0.0000000000,8029115.631858,4702.500000,0.000585680941,8029115.631858,2155.555986,0.000268467423,10,2,yes,yes,-2546.944014,2026-09-16T19:29:12.000Z,2026-09-16T20:06:22.000Z
0x3bfdfc6b34a7233cda19801758d238389abd2e41,0.000000000000000000,0.0000000000,1881813.931350,1100.000000,0.000584542383,0.000000,0.000000,,1,0,no,yes,-1100.000000,2026-09-16T19:59:39.000Z,2026-09-16T19:59:39.000Z
0x3c037bca85df03da2779184573ec5a4b87575c89,0.000000000000000000,0.0000000000,47975.262657,43.777435,0.000912500163,0.000000,0.000000,,1,0,no,yes,-43.777435,2026-09-16T19:34:32.000Z,2026-09-16T19:34:32.000Z
0x3ca9bfed70c994f135881abbe48eca1a0776dd3f,0.000000000000000000,0.0000000000,28736.737556,26.183000,0.000911133351,28736.737556,23.103341,0.000803965338,1,1,yes,yes,-3.079659,2026-09-16T19:31:54.000Z,2026-09-16T19:33:46.000Z
0x3f09dbd7dbf6744cc852163350187932852ab631,0.000000000000000000,0.0000000000,3634654.426383,2600.000000,0.000715336231,0.000000,0.000000,,3,0,no,yes,-2600.000000,2026-09-16T19:37:33.000Z,2026-09-16T19:40:40.000Z
0x3f8c5dc2c15290abe06b8b8e617bcb8c9491e478,0.000000000000000000,0.0000000000,17417.743258,10.000000,0.000574127190,17417.743258,12.797905,0.000734762509,1,1,yes,yes,2.797905,2026-09-16T19:30:26.000Z,2026-09-16T19:30:52.000Z
0x3f91e4f0adc6e8f9c564a86878a492f817da0e65,0.000000000000000000,0.0000000000,1104413.001000,660.000000,0.000597602527,1104413.001000,611.532320,0.000553717060,4,4,yes,yes,-48.467680,2026-09-16T19:37:45.000Z,2026-09-16T19:38:59.000Z
0x4006745b307a00dfafbc0c55d7f1f6d626cff4f4,0.000000000000000000,0.0000000000,0.000000,0.000000,,0.000000,0.000000,,0,0,no,yes,0.000000,,
0x409e305aa8db8d22b679d2a636120f64442aed45,0.000000000000000000,0.0000000000,2243004.132324,633.333331,0.000282359413,2243004.132324,1697.429243,0.000756765990,5,6,yes,yes,1064.095912,2026-09-16T19:27:40.000Z,2026-09-16T19:34:26.000Z
0x4104a23d61234900068b5466fa9b1fe3db017362,0.000000000000000000,0.0000000000,0.000000,0.000000,,0.000000,0.000000,,0,0,no,yes,0.000000,,
0x42170295f1173c9e5874ea9d00c6d137e1a4f53d,0.000000000000000000,0.0000000000,0.000000,0.000000,,2215482.436915,744.508635,0.000336048087,0,15,yes,yes,744.508635,2026-09-16T19:28:36.000Z,2026-09-16T21:34:52.000Z
0x42ae2b61b69e3e2749527b4b7636cfa07baddffa,0.000000000000000000,0.0000000000,627589.628599,599.999994,0.000956038734,627589.628599,540.645927,0.000861464088,9,2,yes,yes,-59.354067,2026-09-16T19:36:47.000Z,2026-09-16T19:37:29.000Z
0x42ef850088ca92bb221c42b928d772e783d2afbd,0.000000000000000000,0.0000000000,275881.698105,145.000000,0.000525587601,275881.698105,58.277257,0.000211240027,1,1,yes,yes,-86.722743,2026-09-16T19:30:08.000Z,2026-09-16T20:08:17.000Z
0x43ae3a8c8bb730eb8d527efa4091e389992aad96,0.000000000000000000,0.0000000000,251355.622300,233.333332,0.000928299633,251355.622300,242.566283,0.000965032253,2,5,yes,yes,9.232951,2026-09-16T19:31:00.000Z,2026-09-16T19:31:46.000Z
0x4424a55fdf327e26f18d46b2f875af0aaa642237,0.000000000000000000,0.0000000000,42233.291559,25.000000,0.000591950072,42233.291559,17.237502,0.000408149618,1,1,yes,yes,-7.762498,2026-09-16T19:59:43.000Z,2026-09-16T20:02:44.000Z
0x4471fc2bc6b33d9f97ef1d6db0c4f4c172e64ecb,0.000000000000000000,0.0000000000,44202.444777,14.000000,0.000316724563,44202.444777,6.811801,0.000154104619,2,1,yes,yes,-7.188199,2026-09-16T19:27:07.000Z,2026-09-16T19:27:44.000Z
0x4502ec588b498f99ed6124fb16d45c4362521b9b,0.000000000000000000,0.0000000000,5203502.664636,2032.709600,0.000390642560,5203502.664636,4637.873840,0.000891298446,6,6,yes,yes,2605.164240,2026-09-16T19:28:19.000Z,2026-09-16T19:38:18.000Z
0x458523a11de818537bb8437eb899c93dde8d4c1f,0.000000000000000000,0.0000000000,66872.469455,20.000000,0.000299076738,66872.469455,25.909438,0.000387445517,1,1,yes,yes,5.909438,2026-09-16T19:26:37.000Z,2026-09-16T19:44:51.000Z
0x47f2d66b94a1d12c974807b9327504d0696ee226,0.000000000000000000,0.0000000000,449814.062252,306.000000,0.000680281089,449814.062252,370.706321,0.000824132351,3,2,yes,yes,64.706321,2026-09-16T19:30:26.000Z,2026-09-16T19:31:36.000Z
0x4813a4eb3f5beb4cb940deee2f81471ffdd132bd,0.000000000000000000,0.0000000000,5505330.337338,1991.290400,0.000361702255,5505330.337338,5006.367172,0.000909367261,6,6,yes,yes,3015.076772,2026-09-16T19:28:19.000Z,2026-09-16T19:38:18.000Z
0x4949d93c7b4dc3fa1689795db23589455f87407a,0.000000000000000000,0.0000000000,4888.688844,1.000000,0.000204553825,0.000000,0.000000,,1,0,no,yes,-1.000000,2026-09-16T20:10:12.000Z,2026-09-16T20:10:12.000Z
0x4c6b416bfbab0c200d1286836f68450ba4c4ca5f,0.000000000000000000,0.0000000000,0.000000,0.000000,,0.000000,0.000000,,0,0,no,yes,0.000000,,
0x4d07ced84a890df27297e9ef7bdf93124d014f5d,0.000000000000000000,0.0000000000,410089.445374,250.000000,0.000609623103,0.000000,0.000000,,1,0,no,yes,-250.000000,2026-09-16T20:00:56.000Z,2026-09-16T20:00:56.000Z
0x4dea97602b897da1ae2ad6ad428aa614010b00c1,0.000000000000000000,0.0000000000,243779.804483,200.000000,0.000820412505,243779.804483,99.272508,0.000407222034,3,1,yes,yes,-100.727492,2026-09-16T19:30:53.000Z,2026-09-16T19:41:09.000Z
0x4e89ce175ff1a8392c36fe3443f5406e71a6fbfe,0.000000000000000000,0.0000000000,309101.355796,350.000000,0.001132314671,0.000000,0.000000,,2,0,no,yes,-350.000000,2026-09-16T19:37:20.000Z,2026-09-16T19:37:21.000Z
0x4f2351f4e7a56c210252dd746792a5c5c165dc32,0.000000000000000000,0.0000000000,347629.125188,200.000000,0.000575325787,0.000000,0.000000,,1,0,no,yes,-200.000000,2026-09-16T20:00:04.000Z,2026-09-16T20:00:04.000Z
0x4f47b1993c7cbf4beebb57d170c5f2d4a37d5116,0.000000000000000000,0.0000000000,11241323.275188,3400.000000,0.000302455495,11241323.275188,4149.214731,0.000369103764,10,5,yes,yes,749.214731,2026-09-16T19:26:56.000Z,2026-09-16T20:08:20.000Z
0x4f9531e3ee416223b3d57344e2a1c6a2e0e74bd5,0.000000000000000000,0.0000000000,0.000000,0.000000,,0.000000,0.000000,,0,0,no,yes,0.000000,,
0x4faf219a092de62fc9a340ee9639821e214a6813,0.000000000000000000,0.0000000000,115082.210196,20.000000,0.000173788807,115082.210196,52.075697,0.000452508661,1,1,yes,yes,32.075697,2026-09-16T19:27:52.000Z,2026-09-16T19:28:55.000Z
0x4fca4a51ab4f23a7447b3284fbd7d73289a89fb1,0.000000000000000000,0.0000000000,0.000000,0.000000,,50290756.719922,28741.871702,0.000571514003,0,103,yes,yes,28741.871702,2026-09-16T19:26:49.000Z,2026-09-17T07:46:40.000Z
0x4fdccc485a311dc12931bb123dd2d9efe5b7a16d,0.000000000000000000,0.0000000000,4303.947696,2.000000,0.000464689662,0.000000,0.000000,,1,0,no,yes,-2.000000,2026-09-16T19:43:05.000Z,2026-09-16T19:43:05.000Z
0x50ea5705a5c56dfc1ea7c9aa7a4bb034150a79a1,0.000000000000000000,0.0000000000,248497.287393,233.333332,0.000938977381,248497.287393,239.268675,0.000962862320,2,5,yes,yes,5.935343,2026-09-16T19:31:00.000Z,2026-09-16T19:31:46.000Z
0x517d80ea56cc48d8b2152473fedff6211f553727,0.000000000000000000,0.0000000000,630552.560446,130.000000,0.000206168380,630552.560446,124.900429,0.000198080916,3,1,yes,yes,-5.099571,2026-09-16T20:20:30.000Z,2026-09-16T20:22:38.000Z
0x51ddf92f75dea9e218ca63918b3acd1df2fda88d,0.000000000000000000,0.0000000000,4382177.927030,2300.000000,0.000524853175,0.000000,0.000000,,4,0,no,yes,-2300.000000,2026-09-16T19:30:17.000Z,2026-09-16T20:04:05.000Z
0x5250dbcf6ac11c4c2cbd8dcaf5a6d019f3268ea8,0.000000000000000000,0.0000000000,406955.891586,350.000000,0.000860044067,406955.891586,370.944724,0.000911510882,1,1,yes,yes,20.944724,2026-09-16T19:35:44.000Z,2026-09-16T19:36:17.000Z
0x528154f6de668988a2dd1b4db96f470716d0493b,0.000000000000000000,0.0000000000,25810345.513682,245.832447,0.000009524570,803085.969178,360.630393,0.000449055776,4,1,yes,yes,114.797946,2026-09-16T19:26:07.000Z,2026-09-16T20:10:31.000Z
0x533477e39fbb8cc3642369ce47099685653a0882,0.000000000000000000,0.0000000000,124059.097897,109.012700,0.000878715885,124059.097897,113.906576,0.000918163822,2,2,yes,yes,4.893876,2026-09-16T19:32:33.000Z,2026-09-16T19:33:19.000Z
0x536934f9c17f4df7d0d054608e23c4c168dff387,0.000000000000000000,0.0000000000,0.000000,0.000000,,0.000000,0.000000,,0,0,no,yes,0.000000,,
0x54b349ed962979660a597bcde08e23234d72c886,0.000000000000000000,0.0000000000,65410.688344,50.000000,0.000764401068,65410.688344,25.320544,0.000387101016,1,1,yes,yes,-24.679456,2026-09-16T19:30:52.000Z,2026-09-16T19:49:03.000Z
0x54dcdb4fefa1ba78daf6a12ba94f21e200bebe5f,0.000000000000000000,0.0000000000,0.000000,0.000000,,0.000000,0.000000,,0,0,no,yes,0.000000,,
0x55b5fca9275e65d7969ecf7928001761d09c8c8a,0.000000000000000000,0.0000000000,48692.542400,11.000000,0.000225907284,48692.542400,9.605961,0.000197277870,1,1,yes,yes,-1.394039,2026-09-16T20:25:27.000Z,2026-09-16T20:25:28.000Z
0x569c7ecd379bedec9c98bd89b5c80b27784eb610,0.000000000000000000,0.0000000000,39606.858723,40.000000,0.001009926091,39606.858723,31.811436,0.000803179989,1,1,yes,yes,-8.188564,2026-09-16T19:33:08.000Z,2026-09-16T19:33:47.000Z
0x5728d6cd59f175bab9369612f6b8f75dc8391ef2,0.000000000000000000,0.0000000000,2691420.946711,1600.000000,0.000594481514,2691420.946711,1103.615961,0.000410049555,4,2,yes,yes,-496.384039,2026-09-16T19:35:15.000Z,2026-09-16T19:48:55.000Z
0x5750385e3e1d14a52bcd241aff38c1a235d9db7f,0.000000000000000000,0.0000000000,241609.636252,250.000000,0.001034726942,241609.636252,197.265888,0.000816465317,2,1,yes,yes,-52.734112,2026-09-16T19:31:05.000Z,2026-09-16T19:31:50.000Z
0x57685cf5f4baac990e5a99754f03ed0c2b21c522,0.000000000000000000,0.0000000000,32860.898289,0.000000,0.000000000000,0.000000,0.000000,,1,0,no,yes,0.000000,2026-09-16T19:42:54.000Z,2026-09-16T19:42:54.000Z
0x58b0e4ca51e8343d940310b7c1b249fe012d1e45,0.000000000000000000,0.0000000000,251793.254815,233.333332,0.000926686190,251793.254815,244.121179,0.000969530255,2,5,yes,yes,10.787847,2026-09-16T19:31:00.000Z,2026-09-16T19:31:46.000Z
0x59902a0b15565849accba0bc3a3c4ede2bcb84c6,0.000000000000000000,0.0000000000,58064.260410,10.000000,0.000172222981,0.000000,0.000000,,1,0,no,yes,-10.000000,2026-09-16T19:27:49.000Z,2026-09-16T19:27:49.000Z
0x59fe27ec99eeb6a12f10d66f6c19f190784470a7,0.000000000000000000,0.0000000000,457400.713736,300.000000,0.000655880043,0.000000,0.000000,,3,0,no,yes,-300.000000,2026-09-16T19:34:34.000Z,2026-09-16T19:39:53.000Z
0x5f658e1a604a479a726ddfaa53382f84f5c6caba,0.000000000000000000,0.0000000000,8498034.807856,8500.000000,0.001000231253,0.000000,0.000000,,13,0,no,yes,-8500.000000,2026-09-16T19:31:04.000Z,2026-09-16T19:34:54.000Z
0x5fe52be8a8eae8c39b9b104fe6fe19f715e1a96d,0.000000000000000000,0.0000000000,13457279.666237,9700.000000,0.000720799466,13457279.666237,9722.923947,0.000722502927,8,5,yes,yes,22.923947,2026-09-16T19:31:10.000Z,2026-09-16T19:39:00.000Z
0x6009cf2ec65cbc4726a08168c252ecc5b824fef1,0.000000000000000000,0.0000000000,97672.862835,50.000000,0.000511912916,97672.862835,72.613718,0.000743438003,1,2,yes,yes,22.613718,2026-09-16T19:30:04.000Z,2026-09-16T20:31:35.000Z
0x6053a9297629a9ed9965a5aa6a729d6edc8854ea,0.000000000000000000,0.0000000000,0.000000,0.000000,,0.000000,0.000000,,0,0,no,yes,0.000000,,
0x61a74c631ea67ae6ce0020e59d7027c245fc2e89,0.000000000000000000,0.0000000000,0.000000,0.000000,,0.000000,0.000000,,0,0,no,yes,0.000000,,
0x61b5207edb92c95bcee2fd3326617fdec50fc0c2,0.000000000000000000,0.0000000000,1035690.636539,600.000000,0.000579323573,1035690.636539,620.990502,0.000599590727,2,2,yes,yes,20.990502,2026-09-16T19:38:01.000Z,2026-09-16T19:38:29.000Z
0x6268245085ad7e29c95c2b23232d9e88ad0f9848,0.000000000000000000,0.0000000000,739776.187609,400.000000,0.000540704076,739776.187609,175.241809,0.000236884901,2,2,yes,yes,-224.758191,2026-09-16T19:32:51.000Z,2026-09-17T05:24:17.000Z
0x628c7261e47f0cbebcc726f3785e28defa4dc4ec,0.000000000000000000,0.0000000000,299959.913295,200.000000,0.000666755760,0.000000,0.000000,,2,0,no,yes,-200.000000,2026-09-16T19:30:31.000Z,2026-09-16T19:30:49.000Z
0x62ae025c2bfe6e5475c8dd37cc883b4369b31775,0.000000000000000000,0.0000000000,1019882.373767,500.000000,0.000490252614,0.000000,0.000000,,1,0,no,yes,-500.000000,2026-09-16T19:39:51.000Z,2026-09-16T19:39:51.000Z
0x63eb8b0a71bd6a908845304bc90acc24bfdf6b12,0.000000000000000000,0.0000000000,12284.748747,10.000000,0.000814017462,12284.748747,11.921901,0.000970463566,1,1,yes,yes,1.921901,2026-09-16T19:32:28.000Z,2026-09-16T19:33:05.000Z
0x64ebbc4128bb0e6c8779b1bcf4936fafd6f739fc,0.000000000000000000,0.0000000000,102355.909530,100.000000,0.000976983161,0.000000,0.000000,,1,0,no,yes,-100.000000,2026-09-16T19:32:05.000Z,2026-09-16T19:32:05.000Z
0x6694e87c83d6bda24b62591578831a162ebd20ff,0.000000000000000000,0.0000000000,12572.310993,10.000000,0.000795398714,12572.310993,5.111546,0.000406571729,2,1,yes,yes,-4.888454,2026-09-16T19:36:04.000Z,2026-09-16T19:44:07.000Z
0x67e1665f5cd24167d072836939bfeec9a2bd2be4,0.000000000000000000,0.0000000000,2144355.824713,1124.851700,0.000524563921,2144355.824713,1178.055090,0.000549374817,5,4,yes,yes,53.203390,2026-09-16T19:37:43.000Z,2026-09-16T19:39:41.000Z
0x6826813b1415391a0af9a52563f6660f366772a9,0.000000000000000000,0.0000000000,40058.753405,35.000000,0.000873716654,40058.753405,34.475379,0.000860620362,1,1,yes,yes,-0.524621,2026-09-16T19:36:59.000Z,2026-09-16T19:37:29.000Z
0x6851762f97857d5926f92b73c23e443b839da4d2,0.000000000000000000,0.0000000000,5902.533387,5.010000,0.000848788083,5902.533387,4.698762,0.000796058478,1,1,yes,yes,-0.311238,2026-09-16T19:30:57.000Z,2026-09-16T19:34:04.000Z
0x68f73314fc00297c61a67a965279a0ca00dc7461,0.000000000000000000,0.0000000000,339417.944738,200.000000,0.000589244037,339417.944738,137.996411,0.000406567811,1,1,yes,yes,-62.003589,2026-09-16T19:59:42.000Z,2026-09-16T20:02:45.000Z
0x692cc483ffcb7f1d13e0e87d8194d3e30e1d349b,0.000000000000000000,0.0000000000,0.000000,0.000000,,109683.379040,56.517204,0.000515275920,0,1,yes,yes,56.517204,2026-09-16T19:38:40.000Z,2026-09-16T19:38:40.000Z
0x69460570c93f9de5e2edbc3052bf10125f0ca22d,0.000000000000000000,0.0000000000,0.000000,0.000000,,0.000000,0.000000,,0,0,no,yes,0.000000,,
0x6a2a92301892992bb6a231a37b325f0afe7b3ef1,0.000000000000000000,0.0000000000,1930.569286,0.000000,0.000000000000,975.117878,0.000000,0.000000000000,1,1,yes,yes,0.000000,2026-09-16T19:36:32.000Z,2026-09-17T08:30:05.000Z
0x6b1b5d8cd702779eaa04aaba53e3dba35a13b7e6,0.000000000000000000,0.0000000000,17237.130851,10.000000,0.000580142953,17237.130851,3.676190,0.000213271578,1,1,yes,yes,-6.323810,2026-09-16T20:00:05.000Z,2026-09-16T20:07:31.000Z
0x6ca52e0a14dfcb9c519f6cd9aede0dba04303d88,0.000000000000000000,0.0000000000,0.000000,0.000000,,0.000000,0.000000,,0,0,no,yes,0.000000,,
0x6d98300f14377aca02c4d58d768bda8d5827a778,0.000000000000000000,0.0000000000,368482.573250,300.000000,0.000814149764,368482.573250,376.944530,0.001022964335,1,1,yes,yes,76.944530,2026-09-16T19:30:55.000Z,2026-09-16T19:31:38.000Z
0x710fd4ca26eb32666634780a0abeef36ba53839e,0.000000000000000000,0.0000000000,3140476.493488,1066.666665,0.000339651218,3140476.493488,1576.785998,0.000502084955,6,3,yes,yes,510.119333,2026-09-16T19:26:58.000Z,2026-09-16T19:37:39.000Z
0x723b0730cc5caab764781c77086c730d69755705,0.000000000000000000,0.0000000000,4553.721846,2.000000,0.000439201178,0.000000,0.000000,,1,0,no,yes,-2.000000,2026-09-16T20:02:50.000Z,2026-09-16T20:02:50.000Z
0x7407f44f62a7dec7beebffeebc0851a361a549b9,0.000000000000000000,0.0000000000,410672.420477,320.000000,0.000779209862,410672.420477,302.383268,0.000736312576,1,1,yes,yes,-17.616732,2026-09-16T19:30:35.000Z,2026-09-16T19:30:39.000Z
0x7438d0aab75551288c84ceb1b5dba9f1a38c8436,0.000000000000000000,0.0000000000,0.000000,0.000000,,0.000000,0.000000,,0,0,no,yes,0.000000,,
0x750e3f1df6dcda75b3b2b3343b0755c8dd36b8e1,0.000000000000000000,0.0000000000,3212894.077933,1066.666665,0.000331995590,3212894.077933,1626.583927,0.000506267523,6,3,yes,yes,559.917262,2026-09-16T19:26:58.000Z,2026-09-16T19:37:39.000Z
0x7524f52090ca13f6af9525da1958419536cde01f,0.000000000000000000,0.0000000000,225920.045386,200.000000,0.000885268944,225920.045386,235.795480,0.001043712080,1,1,yes,yes,35.795480,2026-09-16T19:30:58.000Z,2026-09-16T19:31:33.000Z
0x75cd62255bacce452666d80198215ea65e3aed40,0.000000000000000000,0.0000000000,0.000000,0.000000,,0.000000,0.000000,,0,0,no,yes,0.000000,,
0x766defba059034d20feb866caf06a0bcec316ddf,0.000000000000000000,0.0000000000,3913495.373174,1122.904332,0.000286931304,3913495.373174,1144.435802,0.000292433156,9,5,yes,yes,21.531470,2026-09-16T19:26:52.000Z,2026-09-16T21:27:24.000Z
0x76d24390218ceb704e7b726a67b64c2540b3c7e7,0.000000000000000000,0.0000000000,1462486.317683,1187.500000,0.000811973408,1462486.317683,561.879636,0.000384194798,4,1,yes,yes,-625.620364,2026-09-16T19:30:56.000Z,2026-09-16T19:45:49.000Z
0x77b3ddbaf3bcc4655fbefeae3f6ed06483c18edf,0.000000000000000000,0.0000000000,33248.283990,16.500000,0.000496266213,0.000000,0.000000,,3,0,no,yes,-16.500000,2026-09-16T19:38:57.000Z,2026-09-16T19:43:57.000Z
0x7a236324529091958a323af124b1af694319f385,0.000000000000000000,0.0000000000,1473936.064325,853.000000,0.000578722524,1473936.064325,804.270540,0.000545661755,3,2,yes,yes,-48.729460,2026-09-16T19:37:45.000Z,2026-09-16T19:38:31.000Z
0x7bf4ab1cbd3c0c5a1db0629c534de96a86f5ba88,0.000000000000000000,0.0000000000,314548.119121,100.000000,0.000317916382,0.000000,0.000000,,1,0,no,yes,-100.000000,2026-09-16T19:28:41.000Z,2026-09-16T19:28:41.000Z
0x7c8e9c6040ca40f806d8e17e6da7507db3b8337a,0.000000000000000000,0.0000000000,1957369.112586,600.000000,0.000306533906,1957369.112586,514.295357,0.000262748275,3,3,yes,yes,-85.704643,2026-09-16T19:27:03.000Z,2026-09-16T20:08:20.000Z
0x7dcd16a7198a3457499ada42b46d3e4ad4bdd52f,0.000000000000000000,0.0000000000,21924.762455,10.000000,0.000456105284,21924.762455,7.507780,0.000342433813,1,2,yes,yes,-2.492220,2026-09-16T19:43:15.000Z,2026-09-16T20:06:21.000Z
0x7fe7e1a6909fe71c3c3327add0c252acaf0bda76,0.000000000000000000,0.0000000000,789627779.807242,37912.978635,0.000048013735,0.000000,0.000000,,249,0,no,yes,-37912.978635,2026-09-16T19:26:14.000Z,2026-09-16T21:25:49.000Z
0x80075a5b4335125d1adc999a94adc565d1f8862c,0.000000000000000000,0.0000000000,4516274.369875,2828.280000,0.000626241846,0.000000,0.000000,,14,0,no,yes,-2828.280000,2026-09-16T19:31:53.000Z,2026-09-16T19:41:27.000Z
0x80775afe7f6dbd873f484c6e571b67218abebbfa,0.000000000000000000,0.0000000000,8517877.669249,3901.000000,0.000457977932,8517877.669249,4179.130487,0.000490630489,15,17,yes,yes,278.130487,2026-09-16T19:26:20.000Z,2026-09-16T21:26:47.000Z
0x80bef93f418a61576f9aff6fe97c835cf1a679ff,0.000000000000000000,0.0000000000,507127.144171,426.629600,0.000841267530,507127.144171,354.814649,0.000699656196,2,1,yes,yes,-71.814951,2026-09-16T19:34:30.000Z,2026-09-16T19:38:16.000Z
0x81a497f36919403a1833102018e9d475ee173b1b,0.000000000000000000,0.0000000000,148409.797030,20.000000,0.000134761993,66712.607828,0.000000,0.000000000000,3,3,yes,yes,-20.000000,2026-09-16T19:28:39.000Z,2026-09-16T20:56:16.000Z
0x822afdcc7f1ec829f4456a3921ff54b4a6dbcfae,0.000000000000000000,0.0000000000,20021.373145,16.000000,0.000799145987,20021.373145,8.336074,0.000416358767,1,1,yes,yes,-7.663926,2026-09-16T19:36:45.000Z,2026-09-16T19:39:11.000Z
0x82954b098b14266beda9c511d50a85754fa27dd0,0.000000000000000000,0.0000000000,0.000000,0.000000,,1553722.079344,534.129413,0.000343774102,0,13,yes,yes,534.129413,2026-09-16T19:26:28.000Z,2026-09-17T07:56:55.000Z
0x82d596b72135389f0bc7c78ff0c0718e48540dc3,0.000000000000000000,0.0000000000,8251363.262169,2900.000000,0.000351457075,8251363.262169,1404.717439,0.000170240649,6,2,yes,yes,-1495.282561,2026-09-16T19:26:28.000Z,2026-09-16T21:26:06.000Z
0x83d9ee67741bd9345e1c142d15836c52dfc8850d,0.000000000000000000,0.0000000000,836.824634,0.800000,0.000955994801,0.000000,0.000000,,1,0,no,yes,-0.800000,2026-09-16T19:34:42.000Z,2026-09-16T19:34:42.000Z
0x842feafc4f604880419f13766488090966671555,0.000000000000000000,0.0000000000,1089623.113011,240.000000,0.000220259645,0.000000,0.000000,,1,0,no,yes,-240.000000,2026-09-16T21:01:12.000Z,2026-09-16T21:01:12.000Z
0x8447f473cf3074806f37ccb89ad78f269618c24f,0.000000000000000000,0.0000000000,130776.359797,30.000000,0.000229399259,36200.033953,0.000000,0.000000000000,2,1,yes,yes,-30.000000,2026-09-16T19:30:56.000Z,2026-09-16T20:52:34.000Z
0x8596962c5aa571c8d74f66a4538856fbdb8ee00f,0.000000000000000000,0.0000000000,33312.302012,10.000000,0.000300189401,33312.302012,15.425394,0.000463053977,1,1,yes,yes,5.425394,2026-09-16T19:26:40.000Z,2026-09-16T19:41:53.000Z
0x8607473db14c1a45c6ba0d148e28920d81f82cea,0.000000000000000000,0.0000000000,2388089.185777,1277.148300,0.000534799248,2388089.185777,1348.967987,0.000564873370,5,4,yes,yes,71.819687,2026-09-16T19:37:43.000Z,2026-09-16T19:39:41.000Z
0x876b77c72309bf84e5ae97e2a332f226c6591010,0.000000000000000000,0.0000000000,625380.139392,500.000000,0.000799513717,625380.139392,531.763778,0.000850304869,1,1,yes,yes,31.763778,2026-09-16T19:30:43.000Z,2026-09-16T19:32:47.000Z
0x88515ffee19b1ee388abb5b6ff8880081629a367,0.000000000000000000,0.0000000000,411801.665531,350.000000,0.000849923712,411801.665531,370.724225,0.000900249455,1,1,yes,yes,20.724225,2026-09-16T19:35:44.000Z,2026-09-16T19:36:17.000Z
0x894edf3080812265cafc93bfb642bc71b03f5491,0.000000000000000000,0.0000000000,1093350.242814,460.000000,0.000420725200,0.000000,0.000000,,4,0,no,yes,-460.000000,2026-09-16T19:29:57.000Z,2026-09-16T19:45:10.000Z
0x89869da5beccd080b08ebfa1e527e20dbeebfe92,0.000000000000000000,0.0000000000,0.000000,0.000000,,1074902.616648,281.326717,0.000261722981,0,1,yes,yes,281.326717,2026-09-16T19:26:26.000Z,2026-09-16T19:26:26.000Z
0x8a31d56e4fd39205ed9df0cb5749dda770c31875,0.000000000000000000,0.0000000000,39966.411873,20.200000,0.000505424406,39966.411873,29.528928,0.000738843609,2,2,yes,yes,9.328928,2026-09-16T19:29:52.000Z,2026-09-16T19:39:04.000Z
0x8be0aa2054852457d37ac70510ef2a83888a169b,0.000000000000000000,0.0000000000,84709.276021,25.000000,0.000295127065,0.000000,0.000000,,2,0,no,yes,-25.000000,2026-09-16T19:26:35.000Z,2026-09-16T19:27:01.000Z
0x90228fb4f13971208336675dec01f4d63a553ed8,0.000000000000000000,0.0000000000,0.000000,0.000000,,428127.676015,107.220323,0.000250440066,0,2,yes,yes,107.220323,2026-09-16T19:26:36.000Z,2026-09-16T19:26:49.000Z
0x9022f88232f9ac5ef55c2b0b17e4db2fd7a965a3,0.000000000000000000,0.0000000000,418338.574063,361.900241,0.000865089341,418338.574063,296.340485,0.000708374755,2,1,yes,yes,-65.559757,2026-09-16T19:34:31.000Z,2026-09-16T19:38:16.000Z
0x903f7ea06ccea0fffaec1cd8c7bf2f11e354f1cf,0.000000000000000000,0.0000000000,140031.795081,37.300000,0.000266368077,140031.795081,76.163512,0.000543901559,3,2,yes,yes,38.863512,2026-09-16T19:26:37.000Z,2026-09-16T19:50:53.000Z
0x90b9192beba3a79c1f8f044dd27a538364a760e2,0.000000000000000000,0.0000000000,40558.348567,10.000000,0.000246558362,40558.348567,16.223144,0.000399995178,1,2,yes,yes,6.223144,2026-09-16T19:28:25.000Z,2026-09-16T20:08:50.000Z
0x91625ba61bd5151d40f7b9ae17c6e2b6509f1b37,0.000000000000000000,0.0000000000,253349.684710,200.000000,0.000789422731,253349.684710,135.422300,0.000534527209,1,1,yes,yes,-64.577700,2026-09-16T19:35:06.000Z,2026-09-16T19:39:00.000Z
0x9196822eaa4fe6f48b00b23325e291237d94e939,0.000000000000000000,0.0000000000,0.000000,0.000000,,0.000000,0.000000,,0,0,no,yes,0.000000,,
0x9282acba27086684b96346a924a3807fdec3c482,0.000000000000000000,0.0000000000,235281.901824,200.000000,0.000850044132,235281.901824,212.258903,0.000902147173,1,1,yes,yes,12.258903,2026-09-16T19:30:57.000Z,2026-09-16T19:31:04.000Z
0x9310b3722cc0025f28c5ff21384e1ff474839df8,0.000000000000000000,0.0000000000,7161278.664482,4800.000000,0.000670271361,0.000000,0.000000,,7,0,no,yes,-4800.000000,2026-09-16T19:28:39.000Z,2026-09-16T19:39:12.000Z
0x93764f433f1eff622f9b7649272e14c5780a929d,0.000000000000000000,0.0000000000,8847983.271904,4000.000000,0.000452080421,8847983.271904,4004.063493,0.000452539677,1,1,yes,yes,4.063493,2026-09-16T19:59:29.000Z,2026-09-16T20:02:31.000Z
0x93c82118ed2cf4ab22f86521b04916f1ca0f5212,0.000000000000000000,0.0000000000,248863.009584,141.000000,0.000566576769,0.000000,0.000000,,2,0,no,yes,-141.000000,2026-09-16T19:28:46.000Z,2026-09-16T19:37:36.000Z
0x9423e8565cfab041ff3541d65d48e71d1694b54e,0.000000000000000000,0.0000000000,10392024.767686,7000.000000,0.000673593468,10392024.767686,2153.323465,0.000207209231,6,1,yes,yes,-4846.676535,2026-09-16T19:30:35.000Z,2026-09-16T21:23:14.000Z
0x94c11f9ab0a5413ea52ee339473a427658ab1076,0.000000000000000000,0.0000000000,134441.320484,110.000000,0.000818200830,0.000000,0.000000,,7,0,no,yes,-110.000000,2026-09-16T19:31:35.000Z,2026-09-16T19:38:31.000Z
0x94d1a5b2bc1c345fd1006695c97d5908ff95b5fa,0.000000000000000000,0.0000000000,1173.764630,0.005000,0.000004259798,1173.764630,0.005991,0.000005104090,1,1,yes,yes,0.000991,2026-09-16T19:26:08.000Z,2026-09-16T19:26:12.000Z
0x95bbe9f25384dc56efefb0ff248f8e3e89775524,0.000000000000000000,0.0000000000,3746.877198,2.000000,0.000533777835,3746.877198,1.428181,0.000381165663,2,1,yes,yes,-0.571819,2026-09-16T19:40:32.000Z,2026-09-16T19:50:10.000Z
0x96b076f5393182bfd41cae0de5c54f7f061442ad,0.000000000000000000,0.0000000000,426450.213078,118.854450,0.000278706509,426450.213078,78.960911,0.000185158569,2,1,yes,yes,-39.893539,2026-09-16T19:26:27.000Z,2026-09-16T19:27:40.000Z
0x99348fef8579ba75b98dcef3bdeba7190a5f9f93,0.000000000000000000,0.0000000000,246504.238204,195.000000,0.000791061450,246504.238204,118.759582,0.000481775012,6,2,yes,yes,-76.240418,2026-09-16T19:31:00.000Z,2026-09-16T19:39:10.000Z
0x9937dbd71681e843139c4ea223e480f18322eae6,0.000000000000000000,0.0000000000,73819.829283,15.000000,0.000203197436,73819.829283,12.422351,0.000168279320,2,1,yes,yes,-2.577649,2026-09-16T19:26:51.000Z,2026-09-16T19:28:01.000Z
0x9a51cc9e3ccf9e6a7ec27e4d23d08d2ef2547726,0.000000000000000000,0.0000000000,0.000000,0.000000,,0.000000,0.000000,,0,0,no,yes,0.000000,,
0x9a8de68613803a51fd0390d192f32ad0268c30fd,0.000000000000000000,0.0000000000,609287.153507,535.083797,0.000878212832,609287.153507,420.013140,0.000689351708,3,1,yes,yes,-115.070657,2026-09-16T19:34:30.000Z,2026-09-16T19:38:16.000Z
0x9b22e6bfd2b24139484f58b0b1d828f944e5f266,0.000000000000000000,0.0000000000,636461.143244,500.000000,0.000785593913,636461.143244,516.607312,0.000811687120,1,1,yes,yes,16.607312,2026-09-16T19:30:43.000Z,2026-09-16T19:33:45.000Z
0x9c1d3c4a45364b90b503b324d30fa56e2e1a3820,0.000000000000000000,0.0000000000,1325242.702335,1040.000000,0.000784761914,0.000000,0.000000,,5,0,no,yes,-1040.000000,2026-09-16T19:32:33.000Z,2026-09-16T19:39:51.000Z
0x9e3b6971b646a5db4ca2d5c8f80ce87d7cfe6b44,0.000000000000000000,0.0000000000,387122.789437,108.741843,0.000280897549,387122.789437,72.081079,0.000186196941,2,1,yes,yes,-36.660763,2026-09-16T19:26:27.000Z,2026-09-16T19:27:40.000Z
0x9e8b25a995517f2bb5a43f8092fdbf0ef07e9b5b,0.000000000000000000,0.0000000000,251774.026599,233.333332,0.000926756962,251774.026599,242.107416,0.000961606004,2,5,yes,yes,8.774084,2026-09-16T19:31:00.000Z,2026-09-16T19:31:46.000Z
0xa1dd4c002027f6c9d7e4a0ae90be8ab27ba1891c,0.000000000000000000,0.0000000000,97782.562025,49.626892,0.000507522926,0.000000,0.000000,,3,0,no,yes,-49.626892,2026-09-16T20:00:01.000Z,2026-09-16T20:04:10.000Z
0xa207ac6804b6b08f37712cf1b665707845f25e09,0.000000000000000000,0.0000000000,232349.733061,1.000000,0.000004303857,232349.733061,32.611417,0.000140354871,1,1,yes,yes,31.611417,2026-09-16T19:26:08.000Z,2026-09-16T19:26:15.000Z
0xa20c25dac91b430afd388cb9f966aa2ee0a4b625,0.000000000000000000,0.0000000000,563895.432430,400.000000,0.000709351374,0.000000,0.000000,,2,0,no,yes,-400.000000,2026-09-16T19:37:35.000Z,2026-09-16T19:40:38.000Z
0xa28ca5d5fcdae5ebdd2b0f1205472d616a7e434f,0.000000000000000000,0.0000000000,0.000000,0.000000,,0.000000,0.000000,,0,0,no,yes,0.000000,,
0xa3190671ac6d569b95f3255ed5dd5743f825106c,0.000000000000000000,0.0000000000,87000.024194,100.000000,0.001149424968,0.000000,0.000000,,1,0,no,yes,-100.000000,2026-09-16T19:37:21.000Z,2026-09-16T19:37:21.000Z
0xa3961feb189511658012556f2920f863276f3063,0.000000000000000000,0.0000000000,0.000000,0.000000,,0.000000,0.000000,,0,0,no,yes,0.000000,,
0xa3a025ed962df72334c04e1658c533fc8bc70e39,0.000000000000000000,0.0000000000,902.408651,0.000000,0.000000000000,902.408651,0.000000,0.000000000000,1,1,yes,yes,0.000000,2026-09-16T19:36:32.000Z,2026-09-17T02:14:37.000Z
0xa4072583658fae592a3506a42431cb6316a8d40b,0.000000000000000000,0.0000000000,0.000000,0.000000,,0.000000,0.000000,,0,0,no,yes,0.000000,,
0xa4fd253f9309dec87393c92a6e305dd2d395a20a,0.000000000000000000,0.0000000000,1770077.737295,900.000000,0.000508452245,0.000000,0.000000,,2,0,no,yes,-900.000000,2026-09-16T19:59:37.000Z,2026-09-16T20:04:05.000Z
0xa63bbf5627bf80a4f852c020598a9a3dcf7d786a,0.000000000000000000,0.0000000000,0.000000,0.000000,,0.000000,0.000000,,0,0,no,yes,0.000000,,
0xa667a51bdcb32dabc8a9396a4523b5fef314ebe7,0.000000000000000000,0.0000000000,2379532.759093,800.000000,0.000336200457,2379532.759093,1114.492448,0.000468366087,4,3,yes,yes,314.492448,2026-09-16T19:27:54.000Z,2026-09-16T20:08:07.000Z
0xa6ebe798a17b351b0c04cd61654c7ca38860e253,0.000000000000000000,0.0000000000,29287567.273427,6970.769077,0.000238011202,29287567.273427,13133.238760,0.000448423682,3,8,yes,yes,6162.469683,2026-09-16T19:26:18.000Z,2026-09-16T19:40:49.000Z
0xa73ee156fcd40058f85ecbdb122167f96d68890d,0.000000000000000000,0.0000000000,1620759.990901,475.000000,0.000293072387,1620759.990901,434.256264,0.000267933726,5,5,yes,yes,-40.743736,2026-09-16T19:26:56.000Z,2026-09-16T21:27:24.000Z
0xa783bcf0eb555142288da83885e26b54009230ea,0.000000000000000000,0.0000000000,0.000000,0.000000,,0.000000,0.000000,,0,0,no,yes,0.000000,,
0xa78bdefa99e0b537ea525f041fedd21f83a97847,0.000000000000000000,0.0000000000,111429.207492,75.000000,0.000673073081,0.000000,0.000000,,3,0,no,yes,-75.000000,2026-09-16T19:30:34.000Z,2026-09-16T20:01:41.000Z
0xa8692e1e65c9372fd2470d710b0f76a734a80874,0.000000000000000000,0.0000000000,349663.195391,170.000000,0.000486182138,349663.195391,238.056670,0.000680817065,3,3,yes,yes,68.056670,2026-09-16T19:28:45.000Z,2026-09-16T19:40:35.000Z
0xac0fdfedb3513e19f8d69f9f2c8cf715faebb932,0.000000000000000000,0.0000000000,111667.988156,100.000000,0.000895511790,111667.988156,53.214577,0.000476542811,1,1,yes,yes,-46.785423,2026-09-16T19:36:35.000Z,2026-09-16T19:38:21.000Z
0xaca9150b1ecaeddef5cf6a24f12b060049cec06f,0.000000000000000000,0.0000000000,0.000000,0.000000,,0.000000,0.000000,,0,0,no,yes,0.000000,,
0xad01523b1c9ed195fd0c7659020ca048c4a61f19,0.000000000000000000,0.0000000000,627095.239384,599.999994,0.000956792456,627095.239384,540.357953,0.000861684030,9,2,yes,yes,-59.642041,2026-09-16T19:36:47.000Z,2026-09-16T19:37:29.000Z
0xad25028f1af6dfb7f27369507d282d792d172f90,0.000000000000000000,0.0000000000,2123316.309211,1000.000000,0.000470961390,0.000000,0.000000,,2,0,no,yes,-1000.000000,2026-09-16T19:28:49.000Z,2026-09-16T19:28:58.000Z
0xae59d82d60ad1bd1cb7a41800f2deea464aba7ae,0.000000000000000000,0.0000000000,1628467.098091,475.000000,0.000291685353,1628467.098091,452.635428,0.000277951841,5,6,yes,yes,-22.364572,2026-09-16T19:26:56.000Z,2026-09-16T21:27:24.000Z
0xaf3e2d2ac9ff1c451c1d4bce1dd4b130ab4327db,0.000000000000000000,0.0000000000,53238134.463420,240.000000,0.000004508047,53238134.463420,14001.083217,0.000262989741,1,2,yes,yes,13761.083217,2026-09-16T19:26:09.000Z,2026-09-16T19:26:17.000Z
0xaf80dbac98088feead6b980873fcfc86ebc63f32,0.000000000000000000,0.0000000000,3061.448402,2.000000,0.000653285549,3061.448402,1.167256,0.000381275576,1,1,yes,yes,-0.832744,2026-09-16T19:37:43.000Z,2026-09-16T19:49:32.000Z
0xb1000000096bd2f8ca9b6883182eccaf31e7c3fd,0.000000000000000000,0.0000000000,7108423.244482,1471.947840,0.000207070934,1972719.013457,547.236204,0.000277402002,8,7,yes,yes,-924.711636,2026-09-16T19:26:16.000Z,2026-09-16T19:28:38.000Z
0xb172c1961700042fdb795fd83b811415654438d1,0.000000000000000000,0.0000000000,11801.506977,9.000000,0.000762614471,11801.506977,4.891141,0.000414450583,2,1,yes,yes,-4.108859,2026-09-16T19:37:34.000Z,2026-09-16T19:39:43.000Z
0xb260d85ea68ccd981a71966aacd4e7542d3fb5bd,0.000000000000000000,0.0000000000,74152.251465,38.000000,0.000512459153,74152.251465,41.458482,0.000559099442,4,4,yes,yes,3.458482,2026-09-16T19:27:49.000Z,2026-09-16T19:36:20.000Z
0xb322222828d8c3e78ec32093801f0d3523600a65,0.000000000000000000,0.0000000000,5269640.838161,1275.282466,0.000242005576,0.000000,0.000000,,32,0,no,yes,-1275.282466,2026-09-16T19:26:23.000Z,2026-09-17T11:26:32.000Z
0xb55a02748c3a989f3e083c9161406b55bb611ccd,0.000000000000000000,0.0000000000,20537.507601,15.000000,0.000730371002,20537.507601,16.133595,0.000785567348,3,2,yes,yes,1.133595,2026-09-16T19:30:20.000Z,2026-09-16T19:35:18.000Z
0xb69619cee906ce93aef46e1fba6466d33b3b28b9,0.000000000000000000,0.0000000000,14392406.846988,5000.000000,0.000347405410,14392406.846988,4742.337635,0.000329502750,5,2,yes,yes,-257.662365,2026-09-16T19:28:17.000Z,2026-09-16T20:06:20.000Z
0xb6a575ed3bb629a44b9ad24a4b0a2147f32c5424,0.000000000000000000,0.0000000000,164003.591013,148.670978,0.000906510504,30766.256535,43.738493,0.001421638442,21,9,yes,yes,-104.932485,2026-09-16T19:28:51.000Z,2026-09-17T10:31:42.000Z
0xb7581f180e0a4999db3cc86f71ad0397ee2a8cf4,0.000000000000000000,0.0000000000,0.000000,0.000000,,103161.315005,20.630253,0.000199980516,0,1,yes,yes,20.630253,2026-09-16T20:18:08.000Z,2026-09-16T20:18:08.000Z
0xb7b05d0db435dc8fa5238189d9b07f0ee3dc8317,0.000000000000000000,0.0000000000,647839.293258,500.000000,0.000771796347,647839.293258,535.685939,0.000826880902,1,1,yes,yes,35.685939,2026-09-16T19:30:43.000Z,2026-09-16T19:33:44.000Z
0xb7dbc602b167a07f17fba1f7a303aa2649fe6241,0.000000000000000000,0.0000000000,9776.127083,5.000000,0.000511449980,9776.127083,0.645034,0.000065980475,2,2,yes,yes,-4.354966,2026-09-16T19:33:32.000Z,2026-09-17T09:19:23.000Z
0xb83385933c816b3abf06a2ee6d20b88b8d29a15a,0.000000000000000000,0.0000000000,3525975.951377,950.000000,0.000269428950,3525975.951377,2436.111478,0.000690904167,5,1,yes,yes,1486.111478,2026-09-16T19:26:32.000Z,2026-09-16T19:37:55.000Z
0xb904c23f4e74648f78b2f90a7bcf113639fb5dfa,0.000000000000000000,0.0000000000,11768.742464,5.662800,0.000481172905,11768.742464,7.722030,0.000656147394,2,2,yes,yes,2.059230,2026-09-16T19:28:52.000Z,2026-09-16T19:31:52.000Z
0xb92fe925dc43a0ecde6c8b1a2709c170ec4fff4f,0.000000000000000000,0.0000000000,0.000000,0.000000,,2814.946000,0.376002,0.000133573433,0,2,yes,yes,0.376002,2026-09-17T05:30:05.000Z,2026-09-17T08:30:13.000Z
0xb958ab11987f791e821b3cf78b4e7c7286b74696,0.000000000000000000,0.0000000000,464487.329937,401.881412,0.000865215015,464487.329937,296.743597,0.000638862629,2,1,yes,yes,-105.137815,2026-09-16T19:34:31.000Z,2026-09-16T19:38:16.000Z
0xba7951d0d53fa6dd7709859abf90b1ea88a7a1f7,0.000000000000000000,0.0000000000,59246.734293,12.000000,0.000202542809,0.000000,0.000000,,2,0,no,yes,-12.000000,2026-09-16T19:28:06.000Z,2026-09-16T19:33:43.000Z
0xbd429ac21c5e856be434543bb511d42cb5df15a6,0.000000000000000000,0.0000000000,23190.820728,11.367062,0.000490153502,23190.820728,11.499820,0.000495878095,3,3,yes,yes,0.132758,2026-09-16T19:58:08.000Z,2026-09-16T20:08:21.000Z
0xbdbe8fba5fd93defc6832160a8d1cbffb472dcb4,0.000000000000000000,0.0000000000,34182.343025,10.000000,0.000292548700,0.000000,0.000000,,1,0,no,yes,-10.000000,2026-09-16T19:26:32.000Z,2026-09-16T19:26:32.000Z
0xbde73072bed73260d07746909989d80777a4f658,0.000000000000000000,0.0000000000,5641.440413,5.000000,0.000886298469,5641.440413,4.870926,0.000863418803,1,1,yes,yes,-0.129074,2026-09-16T19:32:35.000Z,2026-09-16T19:35:53.000Z
0xbe94fcd1f0819b98115a99fe5ffe4c2fbd451bf5,0.000000000000000000,0.0000000000,0.000000,0.000000,,0.000000,0.000000,,0,0,no,yes,0.000000,,
0xc111bf1afa12ac9734806dc2e78ca433a3264b83,0.000000000000000000,0.0000000000,7291.870072,7.000000,0.000959973221,7291.870072,5.381860,0.000738063083,1,1,yes,yes,-1.618140,2026-09-16T19:32:05.000Z,2026-09-16T19:34:16.000Z
0xc3e95acc3d5fd5e56c7a7868c2936c727aa19c52,0.000000000000000000,0.0000000000,0.000000,0.000000,,32860.898289,14.821093,0.000451025193,0,1,yes,yes,14.821093,2026-09-16T19:42:57.000Z,2026-09-16T19:42:57.000Z
0xc443521587fa9e7d3fac953bac33a4348724ee47,0.000000000000000000,0.0000000000,45781.659346,40.000000,0.000873712324,45781.659346,35.754985,0.000780989266,2,1,yes,yes,-4.245015,2026-09-16T19:36:55.000Z,2026-09-16T19:37:32.000Z
0xc4bacfbd5094f7417d664da35fa125b25fa0f938,0.000000000000000000,0.0000000000,6006683.288370,3105.000000,0.000516924208,6006683.288370,3136.138547,0.000522108191,9,3,yes,yes,31.138547,2026-09-16T19:28:45.000Z,2026-09-16T19:43:35.000Z
0xc70914060d5ad796423580da0720f98c55779546,0.000000000000000000,0.0000000000,490490.051001,450.000000,0.000917449802,0.000000,0.000000,,4,0,no,yes,-450.000000,2026-09-16T19:31:43.000Z,2026-09-16T19:38:42.000Z
0xc812ef41d6dd23c386ee8430822db25448c97469,0.000000000000000000,0.0000000000,172744.075344,100.000000,0.000578891055,0.000000,0.000000,,1,0,no,yes,-100.000000,2026-09-16T20:00:05.000Z,2026-09-16T20:00:05.000Z
0xc91fe673a82b637ea4afbb2fda3b6c58ed7e14e3,0.000000000000000000,0.0000000000,53122.482972,27.000000,0.000508259375,53122.482972,24.565056,0.000462422966,1,1,yes,yes,-2.434944,2026-09-16T19:28:49.000Z,2026-09-16T19:28:51.000Z
0xc9d981db1ead277d6f52a546a87e42c23b66a886,0.000000000000000000,0.0000000000,34003.544054,15.000000,0.000441130489,0.000000,0.000000,,2,0,no,yes,-15.000000,2026-09-16T19:30:31.000Z,2026-09-16T19:54:28.000Z
0xc9f2bd9ea2d8de7a9ff9c75f2760eb3c25cbd4e6,0.000000000000000000,0.0000000000,875.079242,0.000000,0.000000000000,875.079242,0.000000,0.000000000000,1,1,yes,yes,0.000000,2026-09-16T19:36:40.000Z,2026-09-17T05:29:55.000Z
0xca227657b0ffc755cccf9f063cc430d1d663ae8c,0.000000000000000000,0.0000000000,4079240.079813,4174.564000,0.001023368058,4079240.079813,3432.784456,0.000841525477,9,2,yes,yes,-741.779544,2026-09-16T19:31:11.000Z,2026-09-16T19:38:16.000Z
0xcdeab3e518aabae1d028f21d732e9775cdf1f265,0.000000000000000000,0.0000000000,118968.345516,20.000000,0.000168111945,118968.345516,40.534977,0.000340720690,1,1,yes,yes,20.534977,2026-09-16T19:27:47.000Z,2026-09-16T19:28:42.000Z
0xce68ea235f0c7ab151d87cb0144e3fd8a5bd9116,0.000000000000000000,0.0000000000,1255611.831780,1000.000000,0.000796424480,0.000000,0.000000,,1,0,no,yes,-1000.000000,2026-09-16T19:30:54.000Z,2026-09-16T19:30:54.000Z
0xcf0aef7922f1252e2a4c84869294ed94fa945179,0.000000000000000000,0.0000000000,0.000000,0.000000,,0.000000,0.000000,,0,0,no,yes,0.000000,,
0xd03da4452bf9478c67a54c56d46678d55a8d9483,0.000000000000000000,0.0000000000,2581522.295486,2500.000000,0.000968420844,2581522.295486,2427.864314,0.000940477763,1,1,yes,yes,-72.135686,2026-09-16T19:31:01.000Z,2026-09-16T19:31:43.000Z
0xd05b3c44c9e1a246facd87ff695bb254272fa9db,0.000000000000000000,0.0000000000,0.000000,0.000000,,911048.852314,398.311069,0.000437200560,0,3,yes,yes,398.311069,2026-09-16T19:26:23.000Z,2026-09-16T19:40:57.000Z
0xd1532635573a5d28f7d992a41f510d18f527de20,0.000000000000000000,0.0000000000,215475.121359,158.000000,0.000733263307,0.000000,0.000000,,5,0,no,yes,-158.000000,2026-09-16T19:30:41.000Z,2026-09-16T19:38:26.000Z
0xd2ea96cee0c9b7b14251b8480517fb6a7cc843c7,0.000000000000000000,0.0000000000,22964162.257184,14590.000000,0.000635337786,22964162.257184,13514.179904,0.000588490002,14,11,yes,yes,-1075.820096,2026-09-16T19:27:49.000Z,2026-09-16T19:45:51.000Z
0xd54a3907cc9a6bf87efc060877f8e74d6d0645ac,0.000000000000000000,0.0000000000,1481396.700558,1187.500000,0.000801608374,1481396.700558,552.932153,0.000373250563,4,1,yes,yes,-634.567847,2026-09-16T19:30:56.000Z,2026-09-16T19:45:49.000Z
0xd58ca25735150a440c2b27e1187f7dd49d6d80fe,0.000000000000000000,0.0000000000,45616592.149740,2500.000000,0.000054804620,45616592.149740,9457.601163,0.000207328095,11,4,yes,yes,6957.601163,2026-09-16T19:26:11.000Z,2026-09-16T21:27:22.000Z
0xd5b29bf41d5bb4fa6a2879c3608a03d63ccf8951,0.000000000000000000,0.0000000000,4625431.070529,3000.000000,0.000648588197,4625431.070529,2532.554056,0.000547528223,5,2,yes,yes,-467.445944,2026-09-16T19:36:10.000Z,2026-09-16T20:02:16.000Z
0xd8d68837a3d19f4a8c4832b4adf352f06099384b,0.000000000000000000,0.0000000000,27896.739838,10.900000,0.000390726661,0.000000,0.000000,,4,0,no,yes,-10.900000,2026-09-16T19:47:49.000Z,2026-09-16T20:08:04.000Z
0xda67fb01c8bee402034d29f352c07204fd39d4a7,0.000000000000000000,0.0000000000,309299.675741,87.633657,0.000283329290,309299.675741,56.722993,0.000183391700,2,1,yes,yes,-30.910664,2026-09-16T19:26:27.000Z,2026-09-16T19:27:40.000Z
0xdb3f843278fa52662579eea47e9de23a3b859dba,0.000000000000000000,0.0000000000,872657.973859,500.000000,0.000572962163,0.000000,0.000000,,4,0,no,yes,-500.000000,2026-09-16T19:38:03.000Z,2026-09-16T19:41:21.000Z
0xdf64ed2175d8f9af371c30e7fc15bde3bde198bd,0.000000000000000000,0.0000000000,51570.769735,50.000000,0.000969541472,0.000000,0.000000,,1,0,no,yes,-50.000000,2026-09-16T19:33:35.000Z,2026-09-16T19:33:35.000Z
0xdf6e46d9e7fee5cff13e1008ade2265483cd9046,0.000000000000000000,0.0000000000,4393963.635610,1328.570092,0.000302362560,4393963.635610,1381.836690,0.000314485236,10,6,yes,yes,53.266598,2026-09-16T19:26:52.000Z,2026-09-16T21:27:24.000Z
0xdf890168686a8ae3e20ef3028a7aa7feca0dfeff,0.000000000000000000,0.0000000000,0.000000,0.000000,,1059484.995946,476.809152,0.000450038608,0,1,yes,yes,476.809152,2026-09-16T19:29:03.000Z,2026-09-16T19:29:03.000Z
0xe026c453bb823c7762105b74e91e8e95fe382c6f,0.000000000000000000,0.0000000000,0.000000,0.000000,,0.000000,0.000000,,0,0,no,yes,0.000000,,
0xe08499e6b06a9e06bb6600fd4e3c039aa3fcf1d4,0.000000000000000000,0.0000000000,102500.026037,20.000000,0.000195121902,102500.026037,25.252008,0.000246360993,4,5,yes,yes,5.252008,2026-09-16T19:26:41.000Z,2026-09-16T20:11:36.000Z
0xe16f87c07ef701ebb9b6806dcb777d711600d31d,0.000000000000000000,0.0000000000,98067.965870,100.000000,0.001019700971,98067.965870,63.891960,0.000651506933,1,1,yes,yes,-36.108040,2026-09-16T19:33:21.000Z,2026-09-16T19:37:44.000Z
0xe41ffc8884e6a112b82e29f23e004c388b930af9,0.000000000000000000,0.0000000000,27759.838476,4.805000,0.000173091785,27759.838476,3.947311,0.000142195034,2,2,yes,yes,-0.857689,2026-09-16T19:28:29.000Z,2026-09-16T19:40:57.000Z
0xe5228535071516ba516eded44b16f4f878b0cdae,0.000000000000000000,0.0000000000,285003.933506,230.000000,0.000807006406,285003.933506,208.227630,0.000730613181,7,4,yes,yes,-21.772370,2026-09-16T19:30:53.000Z,2026-09-16T19:39:45.000Z
0xe6348b296b7d255aa9167fa340c4a56dc9b10625,0.000000000000000000,0.0000000000,1044594.501097,600.000000,0.000574385562,0.000000,0.000000,,2,0,no,yes,-600.000000,2026-09-16T19:30:24.000Z,2026-09-16T19:30:29.000Z
0xe88078e99dac986a6be18db196a0702a559347cc,0.000000000000000000,0.0000000000,0.000000,0.000000,,0.000000,0.000000,,0,0,no,yes,0.000000,,
0xe973e49cf6267cd851f99c42fb2a56da4430ffcf,0.000000000000000000,0.0000000000,65176.745152,30.000000,0.000460286870,0.000000,0.000000,,1,0,no,yes,-30.000000,2026-09-16T19:43:14.000Z,2026-09-16T19:43:14.000Z
0xea8dad36e9db607547d373b53f1c89111db183a4,0.000000000000000000,0.0000000000,349305.858121,150.600000,0.000431140780,349305.858121,132.324403,0.000378821024,6,1,yes,yes,-18.275597,2026-09-16T19:38:26.000Z,2026-09-16T19:50:59.000Z
0xeb6a36195e5b127846130e14b461c7ca83e19fb0,0.000000000000000000,0.0000000000,3704079.143909,3500.000000,0.000944904216,3704079.143909,1842.077559,0.000497310529,4,1,yes,yes,-1657.922441,2026-09-16T19:37:10.000Z,2026-09-16T19:38:21.000Z
0xeb71f9bc3145a07c8718f2f2bf6c9a02dfff47bd,0.000000000000000000,0.0000000000,4705.514074,4.000000,0.000850066526,0.000000,0.000000,,2,0,no,yes,-4.000000,2026-09-16T19:30:46.000Z,2026-09-16T19:36:02.000Z
0xeb85ea8a64c141a1ffa2553f66bbc2753874b384,0.000000000000000000,0.0000000000,250357.621749,233.333332,0.000932000114,250357.621749,235.685254,0.000941394363,2,4,yes,yes,2.351922,2026-09-16T19:31:00.000Z,2026-09-16T19:31:46.000Z
0xec253c8e5f367ef9ea70b2979784c72c099b1b92,0.000000000000000000,0.0000000000,6477.044294,3.091400,0.000477285604,6477.044294,5.562103,0.000858740945,1,2,yes,yes,2.470703,2026-09-16T19:28:53.000Z,2026-09-16T19:37:59.000Z
0xec31991aa63dce751e041b61df34b3a0316888e4,0.000000000000000000,0.0000000000,1946899.078557,500.000000,0.000256818654,1946899.078557,977.781259,0.000502224933,1,3,yes,yes,477.781259,2026-09-16T19:28:29.000Z,2026-09-16T19:49:02.000Z
0xece0ab1337afd7dfba774e8c2bc8f61d19d7fbb6,0.000000000000000000,0.0000000000,23995.461226,7.000000,0.000291721836,23995.461226,4.802980,0.000200162023,1,1,yes,yes,-2.197020,2026-09-16T20:16:57.000Z,2026-09-16T20:17:02.000Z
0xeda8a832e3ab4f4a71dd124a7dee0016446866a7,0.000000000000000000,0.0000000000,8889.373879,5.000000,0.000562469311,8889.373879,1.754537,0.000197374688,1,1,yes,yes,-3.245463,2026-09-16T19:40:41.000Z,2026-09-16T20:12:25.000Z
0xee12a1bd2747021819063ff98baed1f6476d0f9f,0.000000000000000000,0.0000000000,205080.106189,200.000000,0.000975228674,205080.106189,146.414014,0.000713935721,1,1,yes,yes,-53.585986,2026-09-16T19:37:11.000Z,2026-09-16T19:37:39.000Z
0xeec32fb77eda20765746512549728d7b9b204ae6,0.000000000000000000,0.0000000000,62055.550399,50.500000,0.000813786997,62055.550399,51.725334,0.000833532755,1,2,yes,yes,1.225334,2026-09-16T19:36:48.000Z,2026-09-16T19:37:31.000Z
0xeedf66927405f7e5f98c623c303d1aa39d93ce40,0.000000000000000000,0.0000000000,686507.072939,400.000000,0.000582659692,686507.072939,315.580630,0.000459690282,3,3,yes,yes,-84.419370,2026-09-16T19:36:49.000Z,2026-09-16T20:02:25.000Z
0xef492098650611bc4d823fc7326deb3f9fc1f925,0.000000000000000000,0.0000000000,0.000000,0.000000,,0.000000,0.000000,,0,0,no,yes,0.000000,,
0xef70b41fca4337d3328fe015ec0d4ae8de1be78f,0.000000000000000000,0.0000000000,0.000000,0.000000,,0.000000,0.000000,,0,0,no,yes,0.000000,,
0xf03968b9f8659444d51962e104b08e11df2991fb,0.000000000000000000,0.0000000000,197634.731213,200.000000,0.001011967880,0.000000,0.000000,,1,0,no,yes,-200.000000,2026-09-16T19:33:32.000Z,2026-09-16T19:33:32.000Z
0xf03afb33e14c460d42060fc9c13163b2a0671282,0.000000000000000000,0.0000000000,84679.214010,50.000000,0.000590463676,0.000000,0.000000,,1,0,no,yes,-50.000000,2026-09-16T19:30:31.000Z,2026-09-16T19:30:31.000Z
0xf03f8e27c5c40157524cc759b471b88c8a03023a,0.000000000000000000,0.0000000000,14291.994376,3.000000,0.000209907723,0.000000,0.000000,,1,0,no,yes,-3.000000,2026-09-16T20:50:48.000Z,2026-09-16T20:50:48.000Z
0xf0ee45ce49394f258475cfd5c7d51b8ad61f663c,0.000000000000000000,0.0000000000,18704.077203,4.083703,0.000218332230,0.000000,0.000000,,2,0,no,yes,-4.083703,2026-09-16T20:32:15.000Z,2026-09-16T20:33:37.000Z
0xf565bee3b18f8a0cf253a7f872fe1e0e5dfc471d,0.000000000000000000,0.0000000000,332106.538124,92.770050,0.000279338222,332106.538124,61.173359,0.000184197998,2,1,yes,yes,-31.596691,2026-09-16T19:26:27.000Z,2026-09-16T19:27:40.000Z
0xf5c4f837ed72eb2d375b4015533d62ca599bfd92,0.000000000000000000,0.0000000000,0.000000,0.000000,,0.000000,0.000000,,0,0,no,yes,0.000000,,
0xf5d48ae6d51399ba0825fe8f2437778268475d5a,0.000000000000000000,0.0000000000,346616.237016,160.000000,0.000461605611,0.000000,0.000000,,3,0,no,yes,-160.000000,2026-09-16T19:32:52.000Z,2026-09-16T19:46:29.000Z
0xf78bca76a0a8e9c7b2fe66fc62d7d3180d52cd97,0.000000000000000000,0.0000000000,0.000000,0.000000,,0.000000,0.000000,,0,0,no,yes,0.000000,,
0xfa2959b284114655effffbd4b1a1ac5619237121,0.000000000000000000,0.0000000000,142838.137844,50.000000,0.000350046568,142838.137844,60.347224,0.000422486774,3,2,yes,yes,10.347224,2026-09-16T19:26:35.000Z,2026-09-16T20:00:34.000Z
0xfad05bac7e1c197c5d3f5ba8d20286f7ca6894e8,0.000000000000000000,0.0000000000,241176.576404,250.000000,0.001036584911,241176.576404,195.549033,0.000810812709,2,1,yes,yes,-54.450967,2026-09-16T19:31:05.000Z,2026-09-16T19:31:50.000Z
0xfbbc8f2737e1c1ab7a1570e2036086ee1a1b872f,0.000000000000000000,0.0000000000,272860.095019,166.000000,0.000608370381,0.000000,0.000000,,2,0,no,yes,-166.000000,2026-09-16T19:35:47.000Z,2026-09-16T19:59:07.000Z
0xfc3bf72e5353ca8c419dff08db344f92c232d437,0.000000000000000000,0.0000000000,1275776.490653,1129.000000,0.000884951250,0.000000,0.000000,,6,0,no,yes,-1129.000000,2026-09-16T19:30:43.000Z,2026-09-16T19:40:05.000Z
0xfc45c05cf096ee43aca030330bec12ddcdb47c77,0.000000000000000000,0.0000000000,9679.209147,6.000000,0.000619885355,9679.209147,3.799124,0.000392503530,2,2,yes,yes,-2.200876,2026-09-16T19:29:29.000Z,2026-09-16T20:16:51.000Z
0xfd70ec56e9a0c7be48ba9962f322f6336d3cceeb,0.000000000000000000,0.0000000000,1458648.693886,1500.000000,0.001028349051,1458648.693886,590.382896,0.000404746461,5,1,yes,yes,-909.617104,2026-09-16T19:33:18.000Z,2026-09-16T19:39:08.000Z
0xfe403bdf516beb50ca588a83ca3899b6845e7c7f,0.000000000000000000,0.0000000000,349831.368058,127.000000,0.000363032054,349831.368058,178.138546,0.000509212615,2,2,yes,yes,51.138546,2026-09-16T19:26:53.000Z,2026-09-16T19:48:46.000Z
0xff12651b7b2b3451b5c39fba4380acf01bada1d1,0.000000000000000000,0.0000000000,3838799.929854,1980.000000,0.000515786193,3838799.929854,1597.864903,0.000416240735,2,3,yes,yes,-382.135097,2026-09-16T19:34:28.000Z,2026-09-16T20:07:12.000Z
0xff8107e56d1c4d5cae236089b96e724a79d63a69,0.000000000000000000,0.0000000000,86862.916360,50.000000,0.000575619633,0.000000,0.000000,,1,0,no,yes,-50.000000,2026-09-16T19:38:57.000Z,2026-09-16T19:38:57.000Z
